athlete_id,astd_fgm,fgm_pbp
4067423,0,1
4432175,1,2
4432182,11,16
4432196,5,6
4432243,7,26
4432398,1,1
4432494,2,3
4432692,3,6
4432737,5,21
4432739,1,1
4433138,13,14
4433285,3,4
4433512,3,9
4433596,2,16
4433606,8,9
4433625,4,5
4565698,7,17
4567588,2,2
4576062,10,22
4592677,6,14
4593739,3,7
4593815,7,10
4596531,1,5
4610012,7,13
4610138,0,2
4611534,4,5
4612709,7,8
4683146,3,3
4683147,5,9
4683672,1,4
4683682,1,5
4683758,3,8
4683765,1,1
4683777,3,6
4683781,1,2
4683785,2,2
4683860,1,7
4683861,4,10
4684155,5,5
4684269,3,10
4684285,1,1
4684443,7,8
4684596,2,3
4684627,12,19
4684733,2,5
4684799,2,2
4684843,0,2
4685004,0,3
4685647,2,2
4685650,2,8
4685653,1,2
4685654,2,3
4685658,9,9
4685659,5,7
4685687,6,12
4698719,10,14
4699440,0,2
4699760,6,10
4700527,1,5
4700859,6,10
4701030,1,3
4701125,2,4
4701189,1,3
4701217,1,2
4702049,0,6
4702158,1,7
4702467,1,1
4702484,12,16
4702629,1,1
4702654,0,10
4702671,5,9
4702739,4,4
4702784,4,4
4702962,7,12
4702975,1,1
4702993,5,7
4703115,1,8
4703169,1,1
4703215,4,7
4703253,1,1
4703393,1,1
4703396,7,16
4703411,4,6
4703572,1,1
4703887,2,3
4703899,3,5
4703912,10,18
4704078,1,5
4707481,6,7
4709141,5,6
4710354,4,7
4711255,3,10
4711256,1,5
4711258,0,4
4711259,7,17
4711264,0,1
4711267,0,3
4711304,10,10
4711306,2,5
4711402,0,2
4712832,0,7
4712836,1,5
4712838,1,2
4712845,10,11
4712866,1,2
4791227,7,7
4837356,5,10
4838704,1,6
4838717,6,11
4838721,8,8
4838752,2,2
4845368,2,6
4845370,2,6
4845373,3,10
4845382,4,6
4845387,1,1
4848625,4,19
4848637,9,14
4848644,1,1
4858604,15,20
4869764,9,24
4869770,3,9
4869781,1,1
4870564,0,1
4870569,2,6
4872739,0,4
4872740,15,19
4873086,1,8
4873089,12,22
4873090,5,22
4873111,3,3
4873115,4,17
4873151,2,4
4873153,17,26
4873181,4,4
4873183,1,2
4873184,10,12
4873187,1,2
4873202,2,4
4873203,9,10
4873209,5,5
4884257,1,1
4894452,4,5
4894465,1,1
4895737,11,19
4895753,4,6
4895776,5,5
4895780,2,8
4895783,3,4
4895793,1,2
4895794,2,2
4896363,2,2
4896534,7,7
4896557,5,5
4896862,2,5
4896936,1,4
4897148,2,2
4897209,0,1
4897365,5,18
4897432,4,8
4897438,15,33
4897474,0,1
4897478,11,13
4897768,8,13
4897888,3,5
4897890,2,5
4897936,0,1
4897957,3,3
4898118,4,6
4898223,0,3
4898230,0,1
4898283,2,6
4901166,2,2
4901961,7,14
4904924,1,2
4904928,3,9
4904931,0,7
4905250,1,1
4915060,1,1
4917097,5,7
4917149,22,32
4920142,5,7
4937074,4,8
5037876,9,16
5037878,3,3
5037880,3,4
5037881,2,2
5041935,13,28
5041937,7,19
5041945,5,10
5041948,1,1
5041951,5,22
5041953,14,32
5041954,15,23
5041955,4,16
5041958,0,2
5044426,5,8
5054083,4,8
5054085,1,4
5060684,7,8
5060700,6,10
5060701,1,8
5060703,1,4
5060706,2,6
5060708,7,8
5060709,1,7
5060712,7,20
5060721,1,5
5060732,13,17
5061576,1,1
5061578,0,1
5061581,2,2
5061585,9,24
5061597,1,3
5061598,12,16
5061606,1,2
5075230,1,1
5075625,17,29
5077373,2,7
5079838,5,11
5080489,6,9
5081348,1,1
5082206,10,26
5093142,12,16
5093252,7,10
5095152,4,13
5095153,1,1
5095154,12,16
5095155,8,11
5101648,7,7
5101653,2,9
5101654,0,2
5101655,4,5
5101658,3,5
5101660,6,6
5101669,0,1
5101681,2,3
5101691,1,7
5101692,3,4
5101765,1,5
5101788,4,5
5101794,0,3
5101797,1,1
5101798,6,8
5101808,1,7
5101809,6,16
5101833,3,10
5101840,6,8
5101844,4,5
5101849,0,1
5102618,1,1
5103589,4,6
5103590,1,2
5103630,6,8
5105337,6,9
5105401,6,11
5105417,1,2
5105445,2,3
5105449,3,6
5105453,0,1
5105461,1,2
5105464,1,4
5105468,1,1
5105472,2,4
5105486,5,11
5105494,4,7
5105495,1,1
5105527,6,12
5105529,1,5
5105537,1,3
5105538,5,9
5105546,7,14
5105555,9,16
5105571,7,9
5105577,6,12
5105580,4,7
5105594,13,18
5105604,2,3
5105615,3,7
5105619,0,3
5105624,8,17
5105627,0,1
5105632,2,3
5105633,1,2
5105634,0,1
5105642,6,7
5105643,3,5
5105647,0,1
5105657,2,4
5105658,2,7
5105668,4,4
5105691,0,7
5105693,0,1
5105694,0,1
5105698,2,4
5105719,3,5
5105794,3,8
5105798,8,13
5105800,9,12
5105809,22,43
5105811,1,6
5105815,11,11
5105816,0,1
5105817,13,16
5105820,2,2
5105825,8,10
5105827,1,2
5105836,14,19
5105837,4,4
5105841,15,17
5105844,2,13
5105847,3,4
5105853,17,20
5105854,7,23
5105855,4,5
5105857,4,7
5105858,8,16
5105859,1,2
5105860,4,7
5105890,4,9
5105980,4,6
5105987,2,6
5106037,1,12
5106058,11,18
5106254,10,15
5106261,1,2
5106262,9,16
5106270,7,19
5106272,6,13
5106283,6,13
5106285,0,2
5106293,2,2
5106590,1,3
5106599,4,11
5106600,2,5
5106648,1,1
5106651,0,1
5106652,2,8
5106674,4,9
5106706,3,7
5106714,0,2
5106728,5,9
5106731,5,6
5106732,2,6
5106755,1,1
5106790,0,1
5106841,5,7
5106843,2,2
5106863,2,9
5106864,12,18
5106877,4,9
5106880,2,3
5107069,4,8
5107070,3,4
5107078,0,1
5107088,2,3
5107144,2,4
5107157,4,12
5107161,4,4
5107163,1,1
5107164,1,6
5107169,8,10
5107174,3,5
5107175,1,1
5107176,2,6
5107198,2,6
5107204,3,4
5107242,8,13
5107251,5,9
5107272,4,7
5107273,2,5
5107274,4,13
5107278,0,1
5107287,5,13
5107312,4,11
5107343,2,3
5107355,5,8
5107358,2,9
5107369,1,1
5107410,2,2
5107490,1,1
5107508,4,19
5107563,1,1
5107567,5,5
5107626,1,2
5107768,0,1
5107782,1,6
5107797,2,4
5107811,4,4
5107830,2,3
5107841,0,4
5107857,1,5
5107864,8,12
5107866,4,6
5107887,2,5
5107904,4,20
5107968,15,32
5107970,2,7
5107975,1,2
5107986,4,11
5108046,2,2
5108059,0,2
5108060,5,8
5108081,4,5
5108093,2,2
5108098,1,1
5108141,4,7
5108770,3,5
5108877,5,9
5108909,1,5
5108917,0,1
5108973,3,8
5108991,3,3
5108992,3,5
5109019,2,2
5109020,1,1
5109789,1,5
5109790,4,7
5110039,2,3
5113534,2,5
5113969,3,10
5114350,5,5
5115357,0,1
5117648,5,7
5119063,6,7
5119095,8,9
5121952,0,1
5122836,3,4
5122918,1,2
5125176,3,6
5142358,0,7
5142608,6,16
5142609,3,14
5142620,9,28
5142621,7,10
5142622,1,1
5142625,3,3
5142709,5,6
5142710,6,7
5142718,1,11
5144097,4,4
5144105,1,3
5144110,1,4
5144124,4,6
5144139,7,8
5144147,0,2
5144153,1,2
5144165,0,2
5144372,3,4
5144375,2,4
5144388,7,7
5145712,1,1
5149077,3,16
5149083,5,8
5149115,4,5
5150404,1,5
5152656,7,10
5152729,1,1
5152763,3,3
5164368,4,8
5164369,0,1
5164559,7,12
5164560,2,3
5165276,4,9
5169569,0,1
5171688,4,5
5174291,5,9
5174294,0,1
5174452,0,1
5174568,2,2
5174570,3,3
5174574,3,4
5174599,8,8
5174611,0,3
5174623,6,13
5174633,3,18
5174634,2,2
5174636,6,17
5174637,1,1
5174652,1,1
5174653,1,1
5174657,9,13
5174661,0,2
5174665,4,4
5174672,2,3
5174805,1,3
5174860,1,3
5174946,0,1
5174954,6,15
5174955,0,1
5174957,0,1
5174971,4,6
5174973,10,14
5174982,6,10
5174983,22,38
5175007,4,26
5175009,2,3
5175014,0,1
5175029,1,1
5175037,6,8
5175065,3,3
5175146,2,3
5175170,2,5
5175171,2,7
5175357,1,1
5175358,1,1
5175368,4,5
5175369,1,2
5175405,2,2
5175589,2,2
5175591,9,14
5175671,1,6
5175726,1,6
5175737,21,36
5175785,6,10
5175809,1,3
5175939,2,3
5175971,2,2
5176031,1,5
5176075,3,10
5176076,0,2
5176077,2,3
5176084,2,2
5176086,1,3
5176087,2,3
5176091,4,6
5176136,3,3
5176140,10,12
5176150,3,3
5176153,0,1
5176160,3,4
5176186,0,4
5176187,2,4
5176196,1,3
5176232,3,6
5176237,4,11
5176261,5,7
5176262,5,5
5176263,2,2
5176273,2,3
5176274,0,2
5176280,4,13
5176283,3,5
5176305,0,1
5176313,5,5
5176314,21,29
5176317,9,14
5176318,2,4
5176346,1,1
5176351,9,19
5176352,12,16
5176354,9,23
5176359,1,3
5176361,2,3
5176395,3,7
5176399,3,3
5176400,3,4
5176402,1,3
5176577,3,3
5176632,5,6
5176643,3,5
5176674,1,2
5176681,0,5
5176682,1,1
5176727,1,14
5176732,1,1
5176734,1,7
5176736,4,4
5176758,11,18
5176773,8,8
5176787,6,6
5176788,3,3
5176801,2,3
5177021,3,3
5177052,1,1
5177054,0,2
5177096,1,6
5177098,2,6
5177104,1,5
5177122,5,15
5177126,0,3
5177137,0,1
5177185,2,2
5177187,2,2
5177211,8,12
5177215,1,5
5177217,2,3
5177301,1,8
5177355,2,4
5177516,0,1
5177690,12,17
5177716,4,10
5177732,1,2
5177736,7,7
5177743,0,1
5178207,0,7
5178210,3,17
5178211,1,2
5179085,1,2
5181250,1,12
5182412,3,5
5182413,1,3
5182415,0,1
5182416,1,2
5182573,2,7
5182581,1,3
5183809,5,8
5183875,2,7
5183925,2,2
5184753,0,1
5186456,2,4
5187519,2,3
5187600,5,16
5188026,2,12
5189001,5,12
5190922,1,4
5192142,5,10
5195079,2,5
5196370,1,7
5196866,2,6
5196877,0,1
5196913,6,9
5196914,3,5
5196916,17,26
5196931,3,6
5196932,2,2
5196941,1,1
5196946,2,6
5196954,1,3
5196960,1,2
5196962,1,1
5210965,5,9
5214642,12,23
5214643,3,3
5215425,2,6
5217184,1,3
5217196,2,5
5221321,5,12
5223184,1,1
5234749,2,5
5236222,3,9
5236223,4,12
5236333,2,6
5237434,2,4
5237435,0,1
5237444,0,2
5237588,1,2
5238184,3,4
5238195,6,9
5238200,2,5
5238204,0,1
5238207,2,4
5238208,1,3
5238222,1,2
5239520,2,2
5239523,5,7
5239526,6,11
5239554,3,4
5239562,1,1
5239570,1,1
5239571,12,16
5239632,1,1
5239676,2,7
5239707,11,13
5239713,2,5
5239783,0,4
5239838,14,24
5240005,2,4
5240006,1,2
5240270,0,1
5240271,1,3
5240387,10,11
5240511,1,2
5240539,6,8
5240641,4,5
5240745,1,2
5240746,1,2
5240749,1,1
5240971,3,4
5240980,1,2
5241069,3,7
5241234,0,1
5241273,4,8
5241323,1,1
5241326,1,2
5241338,1,2
5241342,9,11
5241344,2,3
5241358,2,2
5241359,1,2
5241360,1,2
5241363,9,11
5241364,5,24
5241366,2,2
5241373,1,1
5241380,1,2
5241382,3,5
5241408,2,2
5241409,1,4
5241411,13,21
5241415,0,5
5241470,1,1
5241471,1,2
5241483,1,6
5241495,1,4
5241590,3,12
5241592,3,3
5241640,1,3
5241642,3,4
5241657,1,1
5241667,1,3
5241690,0,1
5241724,1,1
5241732,1,2
5241733,0,1
5241753,0,1
5241754,5,8
5241931,1,1
5242117,0,1
5242126,0,2
5242127,4,8
5242130,5,13
5242131,2,4
5242590,1,2
5242634,1,1
5242922,1,4
5242926,4,7
5242959,0,1
5242985,1,4
5242989,4,9
5243039,2,3
5243040,0,1
5243042,5,8
5243053,6,8
5243088,2,2
5243101,1,5
5243109,1,1
5243127,5,7
5243130,1,7
5243230,1,3
5243273,1,1
5243274,1,1
5244505,0,2
5245385,0,1
5245624,0,2
5248301,2,3
5248302,7,17
5252505,2,5
5254164,0,1
5254165,6,31
5254171,8,16
5254174,4,4
5254317,0,1
5254332,3,5
5254338,14,22
5254340,7,16
5255260,0,2
5258459,1,13
5263670,1,1
5264730,0,1
5281347,1,1
5281369,0,3
5281379,3,5
5287474,7,10
5291864,1,2
5311502,8,16
5311506,8,25
5311527,2,3
5311530,5,5
5311759,1,3
5311832,14,25
5311833,0,1
5311842,8,12
5311844,3,4
5311846,5,11
5311849,1,3
5311890,0,5
5311892,0,1
5311896,10,21
5311897,0,2
5311908,2,2
5311912,2,5
5311925,1,5
5311928,9,14
5311938,8,14
5311955,2,2
5311967,3,5
5311969,3,7
5311986,1,1
5311988,1,1
5311997,0,1
5312014,1,4
5312035,0,7
5312048,0,1
5312163,1,2
5312293,1,2
5312345,0,4
5312348,3,7
5313012,4,5
5313031,1,3
5313139,3,6
5313186,2,7
5313189,1,1
5313202,3,7
5313326,1,1
5313368,0,2
5313370,2,3
5313560,0,2
5313566,19,22
5313656,0,7
5313751,2,2
5313752,4,5
5313753,2,2
5313754,2,3
5313820,0,1
5313852,4,4
5313853,7,13
5313872,2,2
5313873,1,6
5313879,5,6
5313880,0,2
5313905,1,3
5313913,0,1
5313914,10,21
5313915,6,7
5313939,6,8
5313941,1,2
5314163,1,1
5314165,4,5
5314195,6,7
5314352,0,1
5314353,0,1
5314491,1,1
5314503,2,3
5314506,0,1
5314509,1,1
5314511,1,8
5314534,2,2
5314535,1,6
5314587,5,5
5314591,1,3
5314593,2,7
5314630,2,6
5314644,0,1
5314646,2,2
5314648,1,3
5314778,1,5
5314805,1,1
5314813,1,1
5314830,0,2
5315585,17,29
5315586,2,2
5315806,2,4
5316214,0,1
5316220,4,8
