athlete_id_1,fouls
18553,5
66733,1
4067423,45
4396634,7
4401637,2
4431815,58
4431930,71
4431995,25
4432175,33
4432182,33
4432196,34
4432198,5
4432201,41
4432204,9
4432243,48
4432321,1
4432364,34
4432398,31
4432494,60
4432515,44
4432524,15
4432586,31
4432589,55
4432638,51
4432692,49
4432737,53
4432739,30
4432741,28
4432749,68
4432858,43
4432897,44
4432899,29
4433001,47
4433038,1
4433138,38
4433146,10
4433185,40
4433208,15
4433231,45
4433257,29
4433265,12
4433271,8
4433273,88
4433274,6
4433275,8
4433285,34
4433286,65
4433289,1
4433340,48
4433512,49
4433560,66
4433577,19
4433596,20
4433600,61
4433606,15
4433611,68
4433615,51
4433616,24
4433625,70
4565203,12
4565204,31
4565698,48
4567588,55
4575837,53
4576062,55
4585590,38
4585602,59
4585609,10
4585616,1
4586322,25
4589481,22
4590359,61
4590362,12
4591258,3
4592217,54
4592404,68
4592432,8
4592477,19
4592579,34
4592677,44
4592932,1
4593474,43
4593739,73
4593815,59
4593883,100
4596531,59
4596687,3
4596711,59
4596876,2
4597308,1
4598611,45
4600548,3
4602029,11
4608944,3
4609653,49
4610012,54
4610138,18
4610140,49
4611412,55
4611534,43
4611541,6
4612709,33
4682856,79
4683134,40
4683146,67
4683147,74
4683629,31
4683633,16
4683672,62
4683675,48
4683676,25
4683680,42
4683682,51
4683697,45
4683734,38
4683741,30
4683748,69
4683755,55
4683756,45
4683757,62
4683758,67
4683761,57
4683763,25
4683765,39
4683767,57
4683768,55
4683769,53
4683770,11
4683777,42
4683779,13
4683781,23
4683782,43
4683784,44
4683785,60
4683786,45
4683837,10
4683842,75
4683860,76
4683861,30
4683939,3
4683941,47
4683942,47
4683944,36
4683946,26
4683947,50
4683948,10
4684022,67
4684146,52
4684152,56
4684155,62
4684156,79
4684158,8
4684163,22
4684164,34
4684167,54
4684206,4
4684207,91
4684268,41
4684269,46
4684270,12
4684276,47
4684285,43
4684289,49
4684293,40
4684296,56
4684303,25
4684309,92
4684443,36
4684448,29
4684461,23
4684596,34
4684627,35
4684628,61
4684634,10
4684718,36
4684720,43
4684733,16
4684734,21
4684735,37
4684745,33
4684746,11
4684798,16
4684799,58
4684812,65
4684838,42
4684840,18
4684843,51
4684984,63
4684986,41
4684988,73
4685004,22
4685013,17
4685646,26
4685647,46
4685648,4
4685650,48
4685653,38
4685654,47
4685658,51
4685659,43
4685662,48
4685664,70
4685671,87
4685673,80
4685681,2
4685683,79
4685685,52
4685686,64
4685687,39
4685802,76
4687377,26
4690766,59
4690767,39
4691165,42
4693724,45
4693725,54
4698718,78
4698719,50
4699440,51
4699760,73
4700527,56
4700530,10
4700841,68
4700859,58
4700876,5
4700877,61
4700880,40
4700968,50
4700971,37
4700973,66
4701030,60
4701125,45
4701156,3
4701160,28
4701187,20
4701189,42
4701190,4
4701217,46
4701222,47
4701266,7
4701543,1
4701841,11
4701846,14
4701998,2
4702000,18
4702026,45
4702042,71
4702046,31
4702049,55
4702083,2
4702097,53
4702120,80
4702158,54
4702212,37
4702218,53
4702226,35
4702236,24
4702464,34
4702467,55
4702484,38
4702497,13
4702518,52
4702522,72
4702596,84
4702598,46
4702626,10
4702629,35
4702654,54
4702671,59
4702680,60
4702696,41
4702739,50
4702740,16
4702741,55
4702764,27
4702765,64
4702777,42
4702784,54
4702889,43
4702960,2
4702961,51
4702962,50
4702975,6
4702976,52
4702988,1
4702993,45
4702994,20
4703009,47
4703011,15
4703097,39
4703106,61
4703115,49
4703155,4
4703169,11
4703194,4
4703196,13
4703205,60
4703215,41
4703253,29
4703393,31
4703396,62
4703399,26
4703411,22
4703415,32
4703526,5
4703531,70
4703572,26
4703637,27
4703644,33
4703670,4
4703804,32
4703805,18
4703833,59
4703837,57
4703887,71
4703893,9
4703899,63
4703910,12
4703912,40
4703977,51
4703980,66
4703983,16
4703998,1
4704015,67
4704078,49
4704080,3
4704086,38
4704090,19
4704109,59
4705371,25
4705373,78
4706147,9
4706237,1
4706260,45
4706262,37
4706275,10
4706561,41
4706918,35
4707019,1
4707481,83
4707808,37
4707906,1
4708176,23
4708219,41
4708533,20
4708534,42
4709133,24
4709140,3
4709141,47
4709142,84
4709150,21
4709319,3
4709320,39
4709321,9
4709424,34
4709454,60
4709991,10
4710354,48
4710358,62
4710359,6
4710427,20
4710770,61
4711118,1
4711255,54
4711256,51
4711257,5
4711258,35
4711259,87
4711260,66
4711262,61
4711264,20
4711266,19
4711267,43
4711270,23
4711271,49
4711273,13
4711274,18
4711279,58
4711280,37
4711281,65
4711295,59
4711296,44
4711303,49
4711304,49
4711306,60
4711400,68
4711402,50
4711691,27
4711705,16
4711758,3
4711838,35
4711900,26
4712244,2
4712656,71
4712832,57
4712834,74
4712835,3
4712836,31
4712837,51
4712838,59
4712843,63
4712845,35
4712846,53
4712848,63
4712862,66
4712865,9
4712866,37
4712893,58
4712902,80
4713885,2
4717737,4
4719433,29
4781728,35
4782965,5
4791227,88
4810230,33
4816087,52
4823976,53
4823977,2
4837238,69
4837356,40
4838703,51
4838704,49
4838705,23
4838708,15
4838711,31
4838717,79
4838718,9
4838721,39
4838723,46
4838724,40
4838752,42
4845358,71
4845361,20
4845362,10
4845365,34
4845368,37
4845369,63
4845370,35
4845373,67
4845378,49
4845379,22
4845380,54
4845382,48
4845387,41
4845388,41
4848619,34
4848622,9
4848623,16
4848625,61
4848628,89
4848629,71
4848630,63
4848631,47
4848637,44
4848640,17
4848642,20
4848644,42
4858602,12
4858604,47
4858606,44
4858608,10
4858609,59
4858612,55
4869737,42
4869739,80
4869741,25
4869762,14
4869763,15
4869764,57
4869766,16
4869767,50
4869768,51
4869769,5
4869770,38
4869777,43
4869778,37
4869779,25
4869781,4
4869785,39
4870444,38
4870563,14
4870564,63
4870565,76
4870569,63
4872727,37
4872739,48
4872740,43
4872743,78
4872744,14
4873086,28
4873087,24
4873089,67
4873090,44
4873093,20
4873098,1
4873100,40
4873101,54
4873105,59
4873107,17
4873111,31
4873112,11
4873115,50
4873130,4
4873136,11
4873137,17
4873141,52
4873143,50
4873144,22
4873145,49
4873146,60
4873147,46
4873151,43
4873153,63
4873154,4
4873160,63
4873161,56
4873163,37
4873179,1
4873180,19
4873181,48
4873183,38
4873184,56
4873186,6
4873187,35
4873192,31
4873194,37
4873195,14
4873196,6
4873199,24
4873202,78
4873203,54
4873206,15
4873208,27
4873209,72
4873219,82
4873220,75
4879743,16
4884255,42
4884257,50
4888717,14
4888718,1
4888720,3
4888733,37
4888885,35
4894445,44
4894452,63
4894453,53
4894460,4
4894462,67
4894465,31
4895353,24
4895737,50
4895738,59
4895740,30
4895742,41
4895743,37
4895745,27
4895746,55
4895747,60
4895750,20
4895753,45
4895755,29
4895759,65
4895776,66
4895777,5
4895779,50
4895780,50
4895782,77
4895783,56
4895786,38
4895787,60
4895789,65
4895790,37
4895793,24
4895794,44
4895795,85
4896359,8
4896363,56
4896367,65
4896368,56
4896370,40
4896371,46
4896378,22
4896384,2
4896453,76
4896462,33
4896480,4
4896505,99
4896534,58
4896557,21
4896620,62
4896852,48
4896862,24
4896884,61
4896885,47
4896923,2
4896936,55
4896939,67
4896948,3
4896951,1
4896959,38
4896969,62
4896978,1
4897008,56
4897010,37
4897018,37
4897050,4
4897051,68
4897052,52
4897053,47
4897054,63
4897066,27
4897072,14
4897107,1
4897129,68
4897148,4
4897163,71
4897173,37
4897175,72
4897192,49
4897200,82
4897209,33
4897215,60
4897220,2
4897222,59
4897245,54
4897258,31
4897261,33
4897301,49
4897302,55
4897309,1
4897337,55
4897361,67
4897364,61
4897365,58
4897366,24
4897370,47
4897376,1
4897383,40
4897387,63
4897412,16
4897421,44
4897432,69
4897438,52
4897439,11
4897447,45
4897451,84
4897456,3
4897458,39
4897465,51
4897466,43
4897467,48
4897474,52
4897478,55
4897479,90
4897480,4
4897481,42
4897482,19
4897484,56
4897485,64
4897489,2
4897501,55
4897502,1
4897504,88
4897515,10
4897519,11
4897522,28
4897531,66
4897534,62
4897548,49
4897558,4
4897571,37
4897572,84
4897575,35
4897583,66
4897617,52
4897619,3
4897620,65
4897626,59
4897639,1
4897651,13
4897668,55
4897671,11
4897678,39
4897691,54
4897701,15
4897704,13
4897705,2
4897708,16
4897711,44
4897715,78
4897717,1
4897761,43
4897762,1
4897768,67
4897772,4
4897775,35
4897777,62
4897807,27
4897810,2
4897854,30
4897859,60
4897873,72
4897888,53
4897890,78
4897898,74
4897902,34
4897923,57
4897927,4
4897936,39
4897938,22
4897944,70
4897951,74
4897953,38
4897957,52
4897970,55
4897973,58
4897976,28
4897978,34
4897982,64
4897987,32
4898006,38
4898010,67
4898070,1
4898117,44
4898118,58
4898165,76
4898169,30
4898189,27
4898190,23
4898194,44
4898199,4
4898210,69
4898212,44
4898222,25
4898223,71
4898226,33
4898228,51
4898230,45
4898243,50
4898256,68
4898257,25
4898259,10
4898278,67
4898280,39
4898283,62
4898293,22
4898315,47
4898333,80
4898334,76
4898338,10
4898343,61
4898348,23
4898349,59
4898370,66
4898377,36
4898382,57
4899807,57
4900669,62
4901166,25
4901173,4
4901611,66
4901653,3
4901934,73
4901961,54
4902031,1
4902201,11
4902967,43
4902972,1
4903216,27
4903264,46
4904206,60
4904497,4
4904550,3
4904783,3
4904792,59
4904924,62
4904926,19
4904928,93
4904931,52
4904935,3
4904940,3
4905042,4
4905250,58
4905252,3
4905284,22
4905314,1
4905331,1
4905542,70
4905913,2
4906451,2
4906510,10
4906515,49
4906646,3
4906804,1
4906808,3
4906978,2
4906985,2
4907309,4
4907746,12
4908501,3
4908647,5
4909271,35
4909572,3
4909718,1
4909783,3
4909872,3
4910250,13
4910883,1
4910887,44
4911798,1
4912212,46
4912455,32
4914386,1
4915060,62
4917097,43
4917149,61
4917161,54
4917385,57
4920142,51
4937074,64
5033017,22
5037870,41
5037872,22
5037874,62
5037875,53
5037876,65
5037877,34
5037878,35
5037880,24
5037881,32
5041934,66
5041935,45
5041937,37
5041938,21
5041940,25
5041941,3
5041942,36
5041945,44
5041948,7
5041949,61
5041951,53
5041953,56
5041954,38
5041955,23
5041958,58
5044426,60
5054083,72
5054085,81
5060684,34
5060685,48
5060688,48
5060690,7
5060696,45
5060698,34
5060699,74
5060700,85
5060701,54
5060702,42
5060703,29
5060705,74
5060706,41
5060708,42
5060709,42
5060710,12
5060712,45
5060718,57
5060721,27
5060724,50
5060727,38
5060728,45
5060730,65
5060731,40
5060732,57
5060733,36
5061569,58
5061572,55
5061576,52
5061578,5
5061581,31
5061583,1
5061584,67
5061585,27
5061587,53
5061591,8
5061592,28
5061595,24
5061596,72
5061597,46
5061598,37
5061599,5
5061602,2
5061605,66
5061606,3
5061607,13
5070505,31
5070506,3
5075230,30
5075625,61
5075626,46
5077373,68
5079838,63
5080489,56
5080790,11
5081348,29
5081887,32
5082206,57
5082704,56
5093142,50
5093143,87
5093250,54
5093252,61
5093253,46
5093254,7
5093264,43
5093265,33
5093403,49
5095062,1
5095063,38
5095151,46
5095152,61
5095153,30
5095154,69
5095155,33
5101623,29
5101624,43
5101648,68
5101649,54
5101650,5
5101651,5
5101653,39
5101654,28
5101655,25
5101656,16
5101657,12
5101658,28
5101660,32
5101664,45
5101666,34
5101667,27
5101668,36
5101669,36
5101672,51
5101673,89
5101675,23
5101676,57
5101681,32
5101686,7
5101689,35
5101691,51
5101692,26
5101761,30
5101762,26
5101764,3
5101765,19
5101766,45
5101768,47
5101773,14
5101774,34
5101776,44
5101782,61
5101784,47
5101787,4
5101788,22
5101794,54
5101796,60
5101797,19
5101798,46
5101799,54
5101805,9
5101806,25
5101807,41
5101808,18
5101809,57
5101818,8
5101822,24
5101825,5
5101826,54
5101827,33
5101828,8
5101831,68
5101832,56
5101833,71
5101834,39
5101835,6
5101837,28
5101840,35
5101841,8
5101843,28
5101844,17
5101845,5
5101846,38
5101848,29
5101849,56
5101850,47
5101852,26
5101856,4
5101859,18
5101865,50
5102618,41
5102797,40
5102798,35
5102799,40
5103571,41
5103584,47
5103589,41
5103590,35
5103628,15
5103630,60
5103631,66
5103832,36
5104196,33
5105279,14
5105281,2
5105337,69
5105401,40
5105402,40
5105410,64
5105411,48
5105412,36
5105414,6
5105415,2
5105416,21
5105417,67
5105418,64
5105419,4
5105421,6
5105426,41
5105430,1
5105431,84
5105432,50
5105444,51
5105445,55
5105446,8
5105448,37
5105449,76
5105453,72
5105454,59
5105455,38
5105456,31
5105457,66
5105458,50
5105461,31
5105462,51
5105463,46
5105464,58
5105468,34
5105470,2
5105471,56
5105472,46
5105478,42
5105481,48
5105484,5
5105485,1
5105486,56
5105487,25
5105493,40
5105494,60
5105495,50
5105514,13
5105527,49
5105528,12
5105529,62
5105531,54
5105532,3
5105533,62
5105534,10
5105536,1
5105537,69
5105538,93
5105539,54
5105540,59
5105542,5
5105543,64
5105544,26
5105545,55
5105546,57
5105547,6
5105548,42
5105549,2
5105551,79
5105552,44
5105555,78
5105560,57
5105561,15
5105562,53
5105563,15
5105566,21
5105569,65
5105571,65
5105577,42
5105580,77
5105581,45
5105587,51
5105588,85
5105589,17
5105593,53
5105594,75
5105596,32
5105598,63
5105599,43
5105600,19
5105603,62
5105604,38
5105605,10
5105606,18
5105607,36
5105608,2
5105612,51
5105613,10
5105615,49
5105618,50
5105619,72
5105622,54
5105624,58
5105625,44
5105626,70
5105627,56
5105631,42
5105632,44
5105633,59
5105634,12
5105636,27
5105641,42
5105642,59
5105643,57
5105645,42
5105646,24
5105647,47
5105648,22
5105649,26
5105657,69
5105658,58
5105659,48
5105660,54
5105662,53
5105665,24
5105668,46
5105669,16
5105670,34
5105671,32
5105672,26
5105674,9
5105675,7
5105678,53
5105681,39
5105684,33
5105685,8
5105688,9
5105689,50
5105691,66
5105693,6
5105694,59
5105695,5
5105696,1
5105698,43
5105717,44
5105719,50
5105758,50
5105760,35
5105772,27
5105778,43
5105779,31
5105780,45
5105781,69
5105782,58
5105784,4
5105785,46
5105786,3
5105787,6
5105790,55
5105791,47
5105794,46
5105795,60
5105796,73
5105798,66
5105799,5
5105800,32
5105801,56
5105803,59
5105804,100
5105805,44
5105809,69
5105811,45
5105815,38
5105816,45
5105817,50
5105818,1
5105819,5
5105820,32
5105821,55
5105822,42
5105823,21
5105824,28
5105825,65
5105826,57
5105827,48
5105832,63
5105833,56
5105836,43
5105837,47
5105840,17
5105841,53
5105844,43
5105845,31
5105846,6
5105847,60
5105848,26
5105853,28
5105854,40
5105855,58
5105857,75
5105858,31
5105859,55
5105860,44
5105861,6
5105862,28
5105863,1
5105864,23
5105865,64
5105866,45
5105870,2
5105875,55
5105876,62
5105877,47
5105881,83
5105882,18
5105883,36
5105885,52
5105889,23
5105890,30
5105895,43
5105896,15
5105901,18
5105904,55
5105964,14
5105965,76
5105966,52
5105967,25
5105970,33
5105971,21
5105972,41
5105974,55
5105975,53
5105976,40
5105978,20
5105980,38
5105981,77
5105982,53
5105984,53
5105987,46
5105988,67
5106034,17
5106037,71
5106039,44
5106040,51
5106041,8
5106043,47
5106044,4
5106051,95
5106053,82
5106054,13
5106055,71
5106056,60
5106058,77
5106059,20
5106206,44
5106207,5
5106235,6
5106236,35
5106237,47
5106240,53
5106241,53
5106242,38
5106243,52
5106245,49
5106247,36
5106251,1
5106253,87
5106254,41
5106255,46
5106261,58
5106262,63
5106265,61
5106266,47
5106269,29
5106270,66
5106272,39
5106274,56
5106275,68
5106277,2
5106279,72
5106280,57
5106283,42
5106284,57
5106285,44
5106286,6
5106288,65
5106291,72
5106292,45
5106293,84
5106309,29
5106313,47
5106449,15
5106452,46
5106453,62
5106456,19
5106459,18
5106461,68
5106462,1
5106463,7
5106588,67
5106589,26
5106590,54
5106594,7
5106598,62
5106599,37
5106600,38
5106602,14
5106603,1
5106607,44
5106610,92
5106611,52
5106612,36
5106614,88
5106619,68
5106620,72
5106628,31
5106632,55
5106634,70
5106641,13
5106642,3
5106643,10
5106647,36
5106648,3
5106651,2
5106652,19
5106660,42
5106662,38
5106664,1
5106665,3
5106667,35
5106669,2
5106670,4
5106673,44
5106674,68
5106676,2
5106677,17
5106680,53
5106682,27
5106684,25
5106686,3
5106697,58
5106699,2
5106701,15
5106702,33
5106703,55
5106705,34
5106706,56
5106707,43
5106709,11
5106711,52
5106714,30
5106715,48
5106716,48
5106717,75
5106718,36
5106719,24
5106722,17
5106723,3
5106727,27
5106728,68
5106731,51
5106732,72
5106734,40
5106735,51
5106738,81
5106742,55
5106744,39
5106750,48
5106752,17
5106754,57
5106755,48
5106766,55
5106767,46
5106773,38
5106775,52
5106776,76
5106779,1
5106785,42
5106786,58
5106790,14
5106806,33
5106807,2
5106839,18
5106841,72
5106843,59
5106862,56
5106863,55
5106864,62
5106865,77
5106867,48
5106869,44
5106877,45
5106878,1
5106879,68
5106880,35
5106881,31
5107069,45
5107070,56
5107071,4
5107076,51
5107077,39
5107078,51
5107088,46
5107100,1
5107141,6
5107142,42
5107143,1
5107144,25
5107146,40
5107147,41
5107148,49
5107149,13
5107151,8
5107153,13
5107154,46
5107157,74
5107158,27
5107161,46
5107163,43
5107164,21
5107167,36
5107169,49
5107172,7
5107174,40
5107175,40
5107176,30
5107177,3
5107178,59
5107180,70
5107183,6
5107184,75
5107189,44
5107191,4
5107196,15
5107197,15
5107198,66
5107203,36
5107204,65
5107205,47
5107209,58
5107211,62
5107213,3
5107217,3
5107218,27
5107219,46
5107220,50
5107222,6
5107223,67
5107225,16
5107226,46
5107230,68
5107233,17
5107242,77
5107246,40
5107251,87
5107255,71
5107258,54
5107259,48
5107260,1
5107261,35
5107262,17
5107263,48
5107264,56
5107267,10
5107268,36
5107271,73
5107272,40
5107273,61
5107274,28
5107275,58
5107278,65
5107280,11
5107282,20
5107287,55
5107289,25
5107293,57
5107295,53
5107296,35
5107297,6
5107298,72
5107299,48
5107301,52
5107306,1
5107307,38
5107312,58
5107317,36
5107320,47
5107321,64
5107325,39
5107343,15
5107345,38
5107346,51
5107349,79
5107350,35
5107353,66
5107355,65
5107357,8
5107358,69
5107362,1
5107363,2
5107364,55
5107369,69
5107375,64
5107377,43
5107384,3
5107408,63
5107410,34
5107438,67
5107441,27
5107453,44
5107455,61
5107474,36
5107477,50
5107490,42
5107507,26
5107508,41
5107514,65
5107520,35
5107524,68
5107530,32
5107563,50
5107567,49
5107607,7
5107615,5
5107626,72
5107627,61
5107642,37
5107652,60
5107653,55
5107654,4
5107655,31
5107670,93
5107700,21
5107701,71
5107703,30
5107704,47
5107708,49
5107768,56
5107769,7
5107770,65
5107781,20
5107782,48
5107789,49
5107792,56
5107796,1
5107797,57
5107803,2
5107804,54
5107805,14
5107807,33
5107811,56
5107813,57
5107814,1
5107819,31
5107824,86
5107830,67
5107841,39
5107843,18
5107844,65
5107849,2
5107851,49
5107857,59
5107858,69
5107860,34
5107864,58
5107866,73
5107870,55
5107871,2
5107872,42
5107876,10
5107877,41
5107878,28
5107879,45
5107880,57
5107885,45
5107887,49
5107889,1
5107890,68
5107891,68
5107895,51
5107896,26
5107899,75
5107900,21
5107902,3
5107903,43
5107904,56
5107905,1
5107907,3
5107963,66
5107966,38
5107968,64
5107969,44
5107970,64
5107971,14
5107972,2
5107973,5
5107975,17
5107976,46
5107977,57
5107986,88
5107997,2
5107999,61
5108000,22
5108006,71
5108009,65
5108010,31
5108011,73
5108022,29
5108023,38
5108028,57
5108029,33
5108030,65
5108031,1
5108042,6
5108043,76
5108045,27
5108046,26
5108047,6
5108048,14
5108049,52
5108050,66
5108059,33
5108060,77
5108062,43
5108069,43
5108070,2
5108073,53
5108080,50
5108081,30
5108082,69
5108085,64
5108086,59
5108090,3
5108091,36
5108092,66
5108093,69
5108098,4
5108101,24
5108105,53
5108113,1
5108120,31
5108121,40
5108122,37
5108140,7
5108141,33
5108143,44
5108145,44
5108148,67
5108150,32
5108706,7
5108707,3
5108718,43
5108719,41
5108720,11
5108721,1
5108759,9
5108762,97
5108764,53
5108770,52
5108775,63
5108777,28
5108778,59
5108786,25
5108787,14
5108789,56
5108796,59
5108799,25
5108806,68
5108809,54
5108810,37
5108811,46
5108813,12
5108826,68
5108850,8
5108877,37
5108878,4
5108879,44
5108891,68
5108892,9
5108908,53
5108909,48
5108911,1
5108913,12
5108915,67
5108917,82
5108925,68
5108930,21
5108955,1
5108969,70
5108973,64
5108978,16
5108983,41
5108984,6
5108991,42
5108992,50
5108997,2
5109018,6
5109019,58
5109020,72
5109033,69
5109034,53
5109770,5
5109771,14
5109782,67
5109787,45
5109789,65
5109790,78
5109791,1
5110002,23
5110039,78
5110173,57
5110430,1
5110672,2
5110682,11
5110687,1
5110695,1
5110696,50
5111525,1
5111526,1
5111555,3
5111563,1
5111572,2
5111589,3
5111597,1
5111598,1
5111603,5
5111610,2
5111629,8
5111661,2
5111671,8
5111802,3
5111891,1
5111902,46
5111919,32
5111929,3
5111930,2
5111933,2
5112006,1
5112010,3
5112016,5
5112025,2
5112046,2
5112094,2
5112103,2
5112107,2
5112109,1
5112115,2
5112121,1
5112141,2
5112168,5
5112170,3
5112172,2
5112181,58
5112187,37
5112189,16
5112244,5
5112245,23
5112253,1
5112258,1
5112263,1
5112274,1
5112277,3
5112302,1
5112334,40
5112342,23
5112348,2
5112349,1
5112412,65
5112462,2
5112469,1
5112509,3
5112521,3
5112522,4
5112615,2
5112619,1
5112621,1
5112743,2
5112747,1
5112753,5
5112822,1
5113035,2
5113076,2
5113084,2
5113135,7
5113141,16
5113144,2
5113155,1
5113158,2
5113182,15
5113287,11
5113292,1
5113385,45
5113386,4
5113388,10
5113390,48
5113410,2
5113412,3
5113415,2
5113418,4
5113422,6
5113448,2
5113456,1
5113534,75
5113538,6
5113677,5
5113680,3
5113682,2
5113685,7
5113775,2
5113777,3
5113796,3
5113969,49
5114039,3
5114056,2
5114065,2
5114103,2
5114199,1
5114231,11
5114268,5
5114350,82
5114447,29
5114464,4
5114486,1
5114679,1
5114680,2
5114684,9
5114688,1
5114693,4
5114717,3
5114724,1
5114727,1
5114809,61
5114834,3
5114977,6
5114992,1
5115280,4
5115354,65
5115357,60
5115446,20
5115448,1
5115454,6
5115456,5
5115458,58
5115610,1
5115618,3
5115619,1
5115621,7
5115662,2
5115663,4
5115664,1
5115667,3
5115678,3
5115866,27
5115872,2
5115873,1
5115874,5
5115883,1
5116003,4
5116013,1
5116045,4
5116050,2
5116062,1
5116063,1
5116064,2
5116065,2
5116128,42
5116155,55
5116162,1
5116181,1
5116182,1
5116386,1
5116390,2
5116391,4
5116393,2
5116417,3
5116430,6
5116435,35
5116436,1
5116437,2
5116468,50
5116500,45
5116505,2
5116517,21
5116525,5
5116668,2
5116699,2
5116710,4
5116711,3
5116717,3
5116731,2
5116734,2
5116746,2
5116747,4
5116748,4
5116752,1
5116760,1
5116764,1
5116961,2
5116963,5
5116969,2
5116978,4
5116988,1
5116992,3
5117057,1
5117062,1
5117296,8
5117326,8
5117327,2
5117524,14
5117543,3
5117582,15
5117583,58
5117584,2
5117594,3
5117606,33
5117627,65
5117633,3
5117634,3
5117648,66
5117702,2
5117707,49
5117776,1
5117782,2
5118055,2
5118059,4
5118089,42
5118127,1
5118232,2
5118262,1
5118368,10
5118413,2
5118518,2
5118529,2
5118654,3
5118727,2
5118895,1
5118925,3
5118940,1
5119042,3
5119048,1
5119050,1
5119052,2
5119058,4
5119061,3
5119063,59
5119069,71
5119095,76
5119114,5
5119116,2
5119118,2
5119172,3
5119215,2
5119263,2
5119616,2
5119728,1
5119838,4
5120229,1
5120269,1
5120280,18
5120997,1
5121282,4
5121288,1
5121293,3
5121296,3
5121308,1
5121310,3
5121357,38
5121360,4
5121368,2
5121369,1
5121428,12
5121587,3
5121668,2
5121803,5
5121849,3
5121952,2
5122260,35
5122353,1
5122433,2
5122440,2
5122836,75
5122918,75
5123799,41
5123978,30
5124659,12
5125137,5
5125176,56
5125192,37
5126036,45
5137653,40
5141770,1
5142326,19
5142356,65
5142358,49
5142360,22
5142584,46
5142608,32
5142609,60
5142610,43
5142617,11
5142618,66
5142620,43
5142621,63
5142622,20
5142625,61
5142707,1
5142708,25
5142709,29
5142710,46
5142718,36
5143304,3
5143601,25
5143603,42
5143604,71
5143607,46
5143921,39
5144059,15
5144086,60
5144088,57
5144089,41
5144090,51
5144092,32
5144097,23
5144099,30
5144103,11
5144104,2
5144105,50
5144106,7
5144108,45
5144109,1
5144110,85
5144117,15
5144124,41
5144128,50
5144130,1
5144135,65
5144139,50
5144141,32
5144143,10
5144147,59
5144151,20
5144153,31
5144158,31
5144165,72
5144166,63
5144371,9
5144372,40
5144373,32
5144375,43
5144378,72
5144380,36
5144381,43
5144382,53
5144387,47
5144388,16
5144391,5
5144392,56
5144495,18
5145712,22
5147322,5
5147928,66
5149077,53
5149078,53
5149083,20
5149115,92
5149116,26
5149117,39
5149633,12
5150404,66
5151855,43
5152623,46
5152656,6
5152658,40
5152729,53
5152761,27
5152763,58
5156117,45
5164367,56
5164368,67
5164369,68
5164370,3
5164558,92
5164559,53
5164560,40
5165275,41
5165276,37
5169569,8
5170078,26
5171688,69
5171788,35
5172339,34
5172343,30
5173445,66
5173589,39
5173645,7
5174287,1
5174288,68
5174289,8
5174291,47
5174292,74
5174293,88
5174294,10
5174297,7
5174298,15
5174316,8
5174317,100
5174319,38
5174452,46
5174555,60
5174557,60
5174558,2
5174559,46
5174561,75
5174565,15
5174568,37
5174569,49
5174570,39
5174571,70
5174572,2
5174574,55
5174575,1
5174578,1
5174579,30
5174580,1
5174581,3
5174582,75
5174583,2
5174585,1
5174586,29
5174587,3
5174589,1
5174594,59
5174599,65
5174601,57
5174608,65
5174609,55
5174611,39
5174612,25
5174613,72
5174614,82
5174615,30
5174617,12
5174618,2
5174619,14
5174620,29
5174621,78
5174623,62
5174624,50
5174627,1
5174628,28
5174629,47
5174630,53
5174631,40
5174632,35
5174633,52
5174634,50
5174635,1
5174636,42
5174637,60
5174638,3
5174639,65
5174642,37
5174643,16
5174652,21
5174654,66
5174657,72
5174659,69
5174661,36
5174665,37
5174669,23
5174671,21
5174672,54
5174791,55
5174799,28
5174800,40
5174804,2
5174805,56
5174807,44
5174808,6
5174814,60
5174815,30
5174850,58
5174851,22
5174853,71
5174858,52
5174860,32
5174932,51
5174934,52
5174935,41
5174937,39
5174938,56
5174940,33
5174941,5
5174946,46
5174947,22
5174949,3
5174952,71
5174953,3
5174954,74
5174955,71
5174956,1
5174957,42
5174958,8
5174959,22
5174960,12
5174962,61
5174970,45
5174971,79
5174972,3
5174973,69
5174974,14
5174976,23
5174977,50
5174978,53
5174981,36
5174982,48
5174983,65
5174984,47
5174995,7
5175001,72
5175006,2
5175007,32
5175008,18
5175009,79
5175011,53
5175014,48
5175016,51
5175017,42
5175021,51
5175023,2
5175024,5
5175026,24
5175027,21
5175028,48
5175029,66
5175032,67
5175033,31
5175036,6
5175037,71
5175042,7
5175048,1
5175049,48
5175050,18
5175054,30
5175056,4
5175057,9
5175058,77
5175059,2
5175063,4
5175064,36
5175065,51
5175066,72
5175067,7
5175069,28
5175077,2
5175078,45
5175080,58
5175112,7
5175145,2
5175146,86
5175148,42
5175170,26
5175171,72
5175173,17
5175174,32
5175352,70
5175354,60
5175357,23
5175358,5
5175359,2
5175360,87
5175361,1
5175364,52
5175368,53
5175369,58
5175371,31
5175372,15
5175374,33
5175375,35
5175379,1
5175391,44
5175392,2
5175397,51
5175399,2
5175404,33
5175405,1
5175406,6
5175408,5
5175409,49
5175414,45
5175415,47
5175417,79
5175588,57
5175589,48
5175591,40
5175592,24
5175654,6
5175655,77
5175657,53
5175658,2
5175660,48
5175663,3
5175665,65
5175666,61
5175669,59
5175671,55
5175672,55
5175673,65
5175675,35
5175676,9
5175677,57
5175690,74
5175691,23
5175704,51
5175705,67
5175711,3
5175712,49
5175726,37
5175727,61
5175737,40
5175741,55
5175745,18
5175758,52
5175759,52
5175763,62
5175785,77
5175787,82
5175788,69
5175794,3
5175795,5
5175796,76
5175797,52
5175802,53
5175806,6
5175807,21
5175808,22
5175809,63
5175814,4
5175821,69
5175833,4
5175842,50
5175850,73
5175851,23
5175853,42
5175854,31
5175855,46
5175857,75
5175859,2
5175860,20
5175887,18
5175888,4
5175897,10
5175898,48
5175900,47
5175919,11
5175920,9
5175921,29
5175939,20
5175943,61
5175944,3
5175952,44
5175953,11
5175954,53
5175955,11
5175971,33
5175973,24
5175974,50
5175976,76
5176028,62
5176029,49
5176030,61
5176031,53
5176034,67
5176036,8
5176039,50
5176042,21
5176043,12
5176046,54
5176047,19
5176049,64
5176058,49
5176059,47
5176061,10
5176062,46
5176063,33
5176064,26
5176065,50
5176066,38
5176067,41
5176068,14
5176075,48
5176076,54
5176077,58
5176078,15
5176081,27
5176082,65
5176084,63
5176086,32
5176087,74
5176091,54
5176094,3
5176109,34
5176110,13
5176111,40
5176133,33
5176134,2
5176136,41
5176137,72
5176138,34
5176139,41
5176140,74
5176146,29
5176149,32
5176150,37
5176153,52
5176159,75
5176160,35
5176164,67
5176166,48
5176167,61
5176169,15
5176171,53
5176173,36
5176174,1
5176175,31
5176176,37
5176177,68
5176179,22
5176181,18
5176182,9
5176183,3
5176186,43
5176187,75
5176188,17
5176190,49
5176193,49
5176194,4
5176196,42
5176200,45
5176204,42
5176206,24
5176207,39
5176208,87
5176209,65
5176210,2
5176212,15
5176213,71
5176218,41
5176220,47
5176222,56
5176224,21
5176227,25
5176231,32
5176232,51
5176233,35
5176237,64
5176239,38
5176240,32
5176241,56
5176243,63
5176245,39
5176246,80
5176248,29
5176249,23
5176252,31
5176255,7
5176259,3
5176260,52
5176261,53
5176262,76
5176263,51
5176265,45
5176266,24
5176268,51
5176269,27
5176272,3
5176273,72
5176274,45
5176275,46
5176278,28
5176280,40
5176283,60
5176285,48
5176286,40
5176290,26
5176291,2
5176294,58
5176296,51
5176298,56
5176299,17
5176300,67
5176301,5
5176305,13
5176308,17
5176309,65
5176310,77
5176311,58
5176312,49
5176313,62
5176314,62
5176315,41
5176317,81
5176318,54
5176319,1
5176321,60
5176322,52
5176324,84
5176325,36
5176331,35
5176333,70
5176334,48
5176335,3
5176337,14
5176342,46
5176345,1
5176346,51
5176347,58
5176348,6
5176349,42
5176350,46
5176351,48
5176352,49
5176354,80
5176355,55
5176356,9
5176357,19
5176359,57
5176361,96
5176362,58
5176370,45
5176372,45
5176374,60
5176378,21
5176382,55
5176384,32
5176385,26
5176386,45
5176387,22
5176388,33
5176390,54
5176395,45
5176396,10
5176397,60
5176399,24
5176400,51
5176401,60
5176402,52
5176403,27
5176404,67
5176412,47
5176415,25
5176417,61
5176418,19
5176419,2
5176423,64
5176425,60
5176426,56
5176443,6
5176444,46
5176445,8
5176447,20
5176448,1
5176449,22
5176451,67
5176464,12
5176465,70
5176481,60
5176494,38
5176495,15
5176497,25
5176517,67
5176518,66
5176520,61
5176529,52
5176530,71
5176553,33
5176556,36
5176561,5
5176564,1
5176571,86
5176572,43
5176577,51
5176580,65
5176581,38
5176632,83
5176636,6
5176637,65
5176643,61
5176646,67
5176648,91
5176649,74
5176654,41
5176655,1
5176658,24
5176660,20
5176661,23
5176662,70
5176664,39
5176665,74
5176669,43
5176670,41
5176672,50
5176673,20
5176674,36
5176679,1
5176681,43
5176682,25
5176683,27
5176685,28
5176686,99
5176687,1
5176688,38
5176708,40
5176710,39
5176712,51
5176713,75
5176714,1
5176727,72
5176728,65
5176729,21
5176731,53
5176732,67
5176733,50
5176734,30
5176735,69
5176736,82
5176737,53
5176738,1
5176741,35
5176747,21
5176750,1
5176751,52
5176752,56
5176753,25
5176754,51
5176755,45
5176756,47
5176757,50
5176758,78
5176759,1
5176763,66
5176765,94
5176766,5
5176768,5
5176770,19
5176771,44
5176773,24
5176778,20
5176779,9
5176780,60
5176781,52
5176783,84
5176784,45
5176787,47
5176788,55
5176789,42
5176792,28
5176794,36
5176795,40
5176798,55
5176799,80
5176801,102
5176803,31
5176804,12
5176811,67
5176812,34
5176814,43
5176815,23
5176835,72
5176836,50
5176937,53
5176939,32
5176946,57
5176947,5
5176949,2
5176950,60
5176951,10
5176952,6
5176954,57
5177015,53
5177019,36
5177021,74
5177038,90
5177040,50
5177041,17
5177042,35
5177043,38
5177047,20
5177048,43
5177049,29
5177051,70
5177052,11
5177053,1
5177054,54
5177093,1
5177096,51
5177097,66
5177098,65
5177101,4
5177104,61
5177108,2
5177110,1
5177114,65
5177115,40
5177116,76
5177120,52
5177121,42
5177122,50
5177124,10
5177125,16
5177126,55
5177137,70
5177138,6
5177139,33
5177140,48
5177145,20
5177148,41
5177149,71
5177164,1
5177167,61
5177169,59
5177172,1
5177173,46
5177174,67
5177175,33
5177185,52
5177186,5
5177187,61
5177188,33
5177189,22
5177192,19
5177193,56
5177207,70
5177211,51
5177215,41
5177217,64
5177218,22
5177219,22
5177227,31
5177229,42
5177232,72
5177233,41
5177247,65
5177248,76
5177250,77
5177251,1
5177252,46
5177260,14
5177262,31
5177264,32
5177275,79
5177281,14
5177284,61
5177286,59
5177291,5
5177297,11
5177298,93
5177301,37
5177341,22
5177345,3
5177346,2
5177350,18
5177351,17
5177352,43
5177355,23
5177358,53
5177359,45
5177360,74
5177364,39
5177367,60
5177368,60
5177370,36
5177374,1
5177516,43
5177520,32
5177521,55
5177522,2
5177526,36
5177530,34
5177532,15
5177533,48
5177534,52
5177536,5
5177538,51
5177539,62
5177557,42
5177558,59
5177572,48
5177573,41
5177575,54
5177579,29
5177593,2
5177605,44
5177606,65
5177608,48
5177611,10
5177651,27
5177655,55
5177676,2
5177677,25
5177678,54
5177682,2
5177685,51
5177686,56
5177687,32
5177688,10
5177690,32
5177691,71
5177692,29
5177694,80
5177695,11
5177696,27
5177698,30
5177699,53
5177701,40
5177702,24
5177703,10
5177705,42
5177707,49
5177708,33
5177716,66
5177717,66
5177719,29
5177722,43
5177724,63
5177725,23
5177732,54
5177734,71
5177736,35
5177740,2
5177741,63
5177742,36
5177743,46
5177744,48
5178038,3
5178199,33
5178200,56
5178207,48
5178209,21
5178210,51
5178211,73
5178891,59
5178892,15
5178893,33
5179085,53
5179086,2
5179091,2
5179092,43
5179093,13
5179094,61
5179096,47
5179285,13
5179286,48
5179287,79
5179289,8
5179291,54
5179293,5
5179294,39
5180640,1
5180641,2
5180645,1
5180648,3
5180651,3
5180657,2
5180658,3
5180667,1
5180672,2
5180673,1
5180674,2
5180677,50
5180684,2
5180686,4
5180697,1
5180708,1
5180709,1
5180713,2
5180714,69
5180726,4
5180735,4
5180737,6
5180743,27
5180749,1
5180772,49
5180818,90
5180819,1
5180823,4
5180832,2
5180837,74
5180868,40
5180880,1
5180882,9
5180884,1
5180888,1
5180895,5
5180896,6
5180898,3
5180900,4
5180901,3
5180904,8
5180905,1
5180906,2
5180921,3
5180923,4
5180928,2
5180944,34
5180957,1
5180962,44
5181250,34
5181349,2
5181353,1
5181354,1
5181358,1
5181367,2
5181398,2
5181400,3
5181424,1
5181434,2
5181435,2
5181437,1
5181451,3
5181474,3
5181475,4
5181498,3
5181503,75
5181511,1
5181521,6
5181765,2
5181767,2
5181768,3
5181880,3
5181882,1
5181884,1
5181887,1
5181890,4
5181920,5
5181924,3
5181934,35
5181945,2
5181946,2
5181947,3
5181954,5
5181957,1
5181977,5
5181992,3
5182077,63
5182078,6
5182079,50
5182081,4
5182084,36
5182150,1
5182151,1
5182153,1
5182174,13
5182175,4
5182178,9
5182354,1
5182373,1
5182379,2
5182383,2
5182385,3
5182386,1
5182388,1
5182393,1
5182412,52
5182413,37
5182415,61
5182416,7
5182444,1
5182446,1
5182449,2
5182451,2
5182458,4
5182479,1
5182481,1
5182483,1
5182488,2
5182490,2
5182519,3
5182535,1
5182537,2
5182567,1
5182573,48
5182574,6
5182581,48
5182601,51
5182632,1
5182633,1
5182642,2
5182686,1
5182687,1
5182688,3
5182697,1
5182713,60
5182714,2
5182718,2
5182719,3
5182720,1
5182723,2
5182725,2
5182733,5
5182738,3
5182739,3
5182741,3
5182743,1
5182747,2
5183020,1
5183028,13
5183051,2
5183054,1
5183116,28
5183131,6
5183144,6
5183289,1
5183293,73
5183294,42
5183379,27
5183386,3
5183387,3
5183451,1
5183454,5
5183462,2
5183809,36
5183827,2
5183875,54
5183886,1
5183894,1
5183895,1
5183896,1
5183903,2
5183904,1
5183917,4
5183925,85
5183975,26
5184072,1
5184073,4
5184105,4
5184122,1
5184125,1
5184129,1
5184134,5
5184138,1
5184414,3
5184438,1
5184439,2
5184442,1
5184537,4
5184554,1
5184610,1
5184640,3
5184642,2
5184645,1
5184654,6
5184667,1
5184668,2
5184675,2
5184677,3
5184678,2
5184682,1
5184709,79
5184713,1
5184716,1
5184753,2
5184755,8
5184764,1
5184885,2
5184893,5
5184903,43
5184910,2
5184943,1
5184957,4
5185127,1
5185129,2
5185184,8
5185228,3
5185239,40
5185251,1
5185270,2
5185283,1
5185292,4
5185298,2
5185307,2
5185345,1
5185351,4
5185444,44
5185527,1
5185528,2
5185529,3
5185530,3
5185531,4
5185532,2
5185534,4
5185543,6
5185555,2
5185557,2
5185559,2
5185563,37
5185582,3
5185583,1
5185592,1
5185598,76
5185603,4
5185673,53
5185956,3
5185957,2
5185961,2
5185965,7
5185969,4
5185972,2
5185976,2
5185979,1
5185988,4
5186025,2
5186033,1
5186036,9
5186048,2
5186064,2
5186087,1
5186387,3
5186456,16
5186554,4
5186601,81
5186664,4
5186669,1
5186691,2
5186711,1
5187462,4
5187465,1
5187487,1
5187495,2
5187519,61
5187533,7
5187534,2
5187542,1
5187543,2
5187600,59
5187755,5
5187761,2
5187788,1
5187790,2
5187796,1
5187808,1
5187809,2
5187810,5
5187814,5
5187817,7
5187836,3
5187852,5
5187857,5
5187860,5
5187861,4
5187864,2
5187865,3
5187866,1
5187934,5
5187936,1
5187937,2
5187938,4
5187940,5
5187941,1
5187947,1
5187954,1
5188026,66
5188096,2
5188097,2
5188099,1
5188100,3
5188102,4
5188725,3
5188732,3
5188735,2
5188737,3
5188739,1
5188749,2
5188752,2
5188770,1
5188772,4
5188780,5
5188809,7
5188814,5
5188833,6
5188846,3
5188850,5
5188856,1
5188864,1
5188865,3
5188874,1
5188888,3
5188950,1
5188958,1
5189001,70
5189033,6
5189040,2
5189052,8
5189055,6
5189214,6
5189239,1
5189243,1
5189251,1
5189254,81
5189257,56
5189259,1
5189268,1
5189270,1
5189286,1
5189295,1
5189508,3
5189567,4
5189571,7
5189592,4
5189623,2
5189641,2
5189644,2
5189648,3
5189669,1
5189670,1
5189678,1
5189689,1
5189693,2
5189694,2
5189696,4
5189698,2
5189699,5
5189700,4
5189746,4
5189790,2
5189796,3
5189804,2
5189814,53
5189822,3
5190029,6
5190037,3
5190038,1
5190043,2
5190071,1
5190740,1
5190743,2
5190746,5
5190769,3
5190805,2
5190826,2
5190831,3
5190840,2
5190842,4
5190848,1
5190851,2
5190869,3
5190888,1
5190889,3
5190922,27
5190923,5
5190926,69
5190937,55
5191013,1
5191038,3
5191343,2
5191345,35
5191346,1
5191347,5
5191348,1
5191361,2
5191368,1
5191369,1
5191372,1
5191384,1
5191396,4
5191584,39
5191591,33
5191601,1
5191607,2
5191609,3
5191626,2
5191628,2
5191659,8
5191718,1
5192057,3
5192060,1
5192064,1
5192092,1
5192101,3
5192132,1
5192133,2
5192136,3
5192142,54
5192169,4
5192183,1
5192186,3
5192187,1
5192188,3
5192852,3
5192856,5
5192857,2
5192858,2
5193193,1
5193202,1
5193250,2
5193260,2
5193634,7
5193712,2
5193760,5
5194020,2
5194058,55
5194065,1
5194090,1
5194093,2
5195079,42
5195304,43
5196348,12
5196370,57
5196671,17
5196866,40
5196867,49
5196876,24
5196877,50
5196879,29
5196882,21
5196911,10
5196913,26
5196914,27
5196916,63
5196919,28
5196920,57
5196921,23
5196931,56
5196932,14
5196935,45
5196939,2
5196941,7
5196942,6
5196946,64
5196954,54
5196959,2
5196960,6
5196962,11
5197113,30
5198203,6
5198359,3
5205881,24
5210965,16
5214525,5
5214641,22
5214642,47
5214643,45
5214644,21
5215268,25
5215269,25
5215270,29
5215271,49
5215425,55
5217184,10
5217193,6
5217196,33
5217197,20
5220874,56
5221320,16
5221321,64
5221322,44
5221325,53
5221327,2
5221328,54
5221332,16
5223184,8
5225519,2
5226071,79
5226072,11
5234300,19
5234749,33
5236221,69
5236222,74
5236223,37
5236224,10
5236225,18
5236226,3
5236333,54
5237299,32
5237300,51
5237433,2
5237434,9
5237435,24
5237444,30
5237588,48
5238159,1
5238163,27
5238166,19
5238169,26
5238170,46
5238171,52
5238173,1
5238175,1
5238182,21
5238184,82
5238187,82
5238188,1
5238191,1
5238192,22
5238193,4
5238194,4
5238195,60
5238199,11
5238200,43
5238201,9
5238203,82
5238204,19
5238207,55
5238208,67
5238209,26
5238213,13
5238218,19
5238220,39
5238221,32
5238222,50
5238223,3
5238224,19
5238231,26
5239487,2
5239488,1
5239489,18
5239503,4
5239504,3
5239519,23
5239520,43
5239521,2
5239523,42
5239525,49
5239526,53
5239527,1
5239529,30
5239544,10
5239545,21
5239546,44
5239547,2
5239549,1
5239550,11
5239554,40
5239560,66
5239562,24
5239563,2
5239570,60
5239571,33
5239573,3
5239575,48
5239578,32
5239579,31
5239580,22
5239582,49
5239584,2
5239586,14
5239587,81
5239588,52
5239594,62
5239595,15
5239596,1
5239597,1
5239599,37
5239600,50
5239603,21
5239604,71
5239605,1
5239608,2
5239617,9
5239618,72
5239620,1
5239623,41
5239624,51
5239626,15
5239627,20
5239628,51
5239629,55
5239630,14
5239632,65
5239633,2
5239636,1
5239637,36
5239641,1
5239643,75
5239644,68
5239645,62
5239646,7
5239648,36
5239649,65
5239651,38
5239652,61
5239657,8
5239660,22
5239672,2
5239673,47
5239674,2
5239675,5
5239676,23
5239677,1
5239678,6
5239707,60
5239708,1
5239709,26
5239710,24
5239711,40
5239712,1
5239713,80
5239714,4
5239715,19
5239716,1
5239719,6
5239721,1
5239745,36
5239747,18
5239748,57
5239749,49
5239750,2
5239753,20
5239757,41
5239758,59
5239759,49
5239760,41
5239761,67
5239762,61
5239763,46
5239765,20
5239766,2
5239768,23
5239771,1
5239772,7
5239775,35
5239776,7
5239777,13
5239778,3
5239780,65
5239781,4
5239782,74
5239783,48
5239785,66
5239786,25
5239788,65
5239790,31
5239791,40
5239793,48
5239795,4
5239797,46
5239798,53
5239800,12
5239803,7
5239811,12
5239812,56
5239814,47
5239816,25
5239817,5
5239818,2
5239820,3
5239821,70
5239822,10
5239824,1
5239825,77
5239827,1
5239828,54
5239829,33
5239830,5
5239832,1
5239833,39
5239834,58
5239836,21
5239837,2
5239838,85
5239839,8
5239840,24
5239866,38
5239867,2
5239868,4
5239884,4
5239885,78
5239902,48
5239903,1
5239994,12
5239995,38
5240005,43
5240006,68
5240016,35
5240017,20
5240018,19
5240019,21
5240020,3
5240023,45
5240024,29
5240026,31
5240027,62
5240029,85
5240030,4
5240033,79
5240034,57
5240035,1
5240082,66
5240083,2
5240256,22
5240263,22
5240264,32
5240267,11
5240270,4
5240271,25
5240272,30
5240279,46
5240281,5
5240285,42
5240286,26
5240287,3
5240353,58
5240355,21
5240356,25
5240368,91
5240369,57
5240370,68
5240378,37
5240380,34
5240387,49
5240392,49
5240393,56
5240394,46
5240406,26
5240407,77
5240410,10
5240411,1
5240416,23
5240417,24
5240419,41
5240506,4
5240507,1
5240509,4
5240511,69
5240514,15
5240517,1
5240518,1
5240519,53
5240520,35
5240521,45
5240523,1
5240524,68
5240525,2
5240526,11
5240527,9
5240529,58
5240530,18
5240537,2
5240539,48
5240545,55
5240547,68
5240549,2
5240584,2
5240585,3
5240587,30
5240588,8
5240615,44
5240616,28
5240617,1
5240619,11
5240620,12
5240641,22
5240643,46
5240664,69
5240665,28
5240668,18
5240685,49
5240686,36
5240688,2
5240745,52
5240746,44
5240748,10
5240749,32
5240756,51
5240757,34
5240758,58
5240880,1
5240882,55
5240883,66
5240884,77
5240885,41
5240903,62
5240904,1
5240906,11
5240934,63
5240935,52
5240937,34
5240966,6
5240967,3
5240970,11
5240971,34
5240972,75
5240973,45
5240980,38
5240981,5
5241000,17
5241001,20
5241002,47
5241003,5
5241005,1
5241061,78
5241062,49
5241064,1
5241069,43
5241070,58
5241071,39
5241073,23
5241074,5
5241162,3
5241164,34
5241229,2
5241230,57
5241231,15
5241232,10
5241234,48
5241236,1
5241238,7
5241239,54
5241241,27
5241246,51
5241247,58
5241251,45
5241257,43
5241260,17
5241264,12
5241269,55
5241270,9
5241273,55
5241274,3
5241282,63
5241283,65
5241286,27
5241290,50
5241291,97
5241292,24
5241298,1
5241299,21
5241300,5
5241303,21
5241305,41
5241308,46
5241310,71
5241311,63
5241312,25
5241314,74
5241316,46
5241318,24
5241319,21
5241320,1
5241321,1
5241322,3
5241323,48
5241326,65
5241333,41
5241334,80
5241336,75
5241338,80
5241342,51
5241344,62
5241346,5
5241349,2
5241350,30
5241351,3
5241352,29
5241358,64
5241359,59
5241360,66
5241363,67
5241364,55
5241366,56
5241367,7
5241370,26
5241371,25
5241372,36
5241373,19
5241374,62
5241376,43
5241377,7
5241380,12
5241382,6
5241383,62
5241384,62
5241385,12
5241387,42
5241388,27
5241389,9
5241390,44
5241391,13
5241394,49
5241395,50
5241397,86
5241399,32
5241401,4
5241402,50
5241408,51
5241409,38
5241411,47
5241412,1
5241413,6
5241414,9
5241415,72
5241417,68
5241419,32
5241420,68
5241422,9
5241424,67
5241426,1
5241428,54
5241429,38
5241430,57
5241435,49
5241436,74
5241437,2
5241440,28
5241442,56
5241443,1
5241444,41
5241452,46
5241454,60
5241455,4
5241457,51
5241460,19
5241462,18
5241469,3
5241470,51
5241471,59
5241472,2
5241480,57
5241481,9
5241483,60
5241486,31
5241488,8
5241489,76
5241490,1
5241491,45
5241493,32
5241495,47
5241536,39
5241537,59
5241590,69
5241591,2
5241592,35
5241593,65
5241594,12
5241595,2
5241602,42
5241603,1
5241604,35
5241605,46
5241606,84
5241607,56
5241608,33
5241610,86
5241611,59
5241614,25
5241617,57
5241618,51
5241619,1
5241620,27
5241622,27
5241623,10
5241624,72
5241626,11
5241627,5
5241628,29
5241629,32
5241630,50
5241633,58
5241635,60
5241636,1
5241637,80
5241640,37
5241641,13
5241642,55
5241645,33
5241646,39
5241647,82
5241648,63
5241652,37
5241653,77
5241655,1
5241657,4
5241658,58
5241663,57
5241667,59
5241668,40
5241671,1
5241674,58
5241676,42
5241679,23
5241683,10
5241684,22
5241686,53
5241687,10
5241689,20
5241690,55
5241693,21
5241694,21
5241697,4
5241698,19
5241699,6
5241700,52
5241701,6
5241703,4
5241705,29
5241706,63
5241708,70
5241709,8
5241711,61
5241712,16
5241714,61
5241715,64
5241716,44
5241717,7
5241718,30
5241719,2
5241721,58
5241722,35
5241723,1
5241724,37
5241725,52
5241726,12
5241727,22
5241728,48
5241729,2
5241732,59
5241733,2
5241734,3
5241735,1
5241736,4
5241737,57
5241740,11
5241741,57
5241742,1
5241743,46
5241744,61
5241745,31
5241746,6
5241747,14
5241748,45
5241749,46
5241753,49
5241754,47
5241755,23
5241756,55
5241757,32
5241759,23
5241760,55
5241772,56
5241773,1
5241776,13
5241777,31
5241779,28
5241781,30
5241782,1
5241841,35
5241842,63
5241843,38
5241844,28
5241846,50
5241847,56
5241869,40
5241876,1
5241880,1
5241881,4
5241895,13
5241898,32
5241906,44
5241909,64
5241913,35
5241914,57
5241915,67
5241916,74
5241918,3
5241920,69
5241922,2
5241931,60
5241932,1
5241955,58
5241956,37
5241957,17
5241959,8
5241961,12
5242115,66
5242116,30
5242117,14
5242119,59
5242121,56
5242122,2
5242123,40
5242124,2
5242126,77
5242127,56
5242130,27
5242131,73
5242133,27
5242134,73
5242262,51
5242264,21
5242266,28
5242267,47
5242268,54
5242269,82
5242272,46
5242276,27
5242277,59
5242279,52
5242281,15
5242282,54
5242400,83
5242401,14
5242402,1
5242403,86
5242404,1
5242405,5
5242407,43
5242410,16
5242414,32
5242415,25
5242420,36
5242421,1
5242423,50
5242437,61
5242438,72
5242439,44
5242545,7
5242546,75
5242548,26
5242551,67
5242553,55
5242554,2
5242555,87
5242556,47
5242560,78
5242561,11
5242563,2
5242568,65
5242571,13
5242573,72
5242574,23
5242583,34
5242586,3
5242587,79
5242588,4
5242590,34
5242592,46
5242593,1
5242594,57
5242596,41
5242597,26
5242598,69
5242601,50
5242602,47
5242603,50
5242606,42
5242608,5
5242610,1
5242611,3
5242612,64
5242613,6
5242615,28
5242616,7
5242617,49
5242619,61
5242621,39
5242622,44
5242623,3
5242624,1
5242629,56
5242631,6
5242634,13
5242635,73
5242637,7
5242638,36
5242642,25
5242643,47
5242644,1
5242758,56
5242761,82
5242764,62
5242765,79
5242775,74
5242777,10
5242807,53
5242808,36
5242809,5
5242810,7
5242811,6
5242812,75
5242905,59
5242906,9
5242907,44
5242908,60
5242909,1
5242911,46
5242913,44
5242916,38
5242922,56
5242923,1
5242924,26
5242925,3
5242926,40
5242928,27
5242929,1
5242930,2
5242934,3
5242935,79
5242936,49
5242937,62
5242938,56
5242942,68
5242943,24
5242944,18
5242945,52
5242946,73
5242947,2
5242959,11
5242961,7
5242962,1
5242964,60
5242967,23
5242969,1
5242970,17
5242973,49
5242974,78
5242976,4
5242977,35
5242980,26
5242982,30
5242985,47
5242986,23
5242989,74
5242991,40
5242992,42
5242994,41
5242997,1
5242999,55
5243000,65
5243001,1
5243002,50
5243003,22
5243004,52
5243006,24
5243010,4
5243011,68
5243012,36
5243013,50
5243015,15
5243018,32
5243019,75
5243020,29
5243021,25
5243022,1
5243023,30
5243025,2
5243028,40
5243033,50
5243034,64
5243035,67
5243037,17
5243038,52
5243039,44
5243040,36
5243041,52
5243042,63
5243043,61
5243044,31
5243045,46
5243046,2
5243047,24
5243048,8
5243049,64
5243050,3
5243051,3
5243053,45
5243056,11
5243061,9
5243062,25
5243063,4
5243080,23
5243081,26
5243083,20
5243086,40
5243088,63
5243089,48
5243091,5
5243093,32
5243094,41
5243095,12
5243096,57
5243098,6
5243099,3
5243100,33
5243101,58
5243102,68
5243104,39
5243105,53
5243109,55
5243110,21
5243111,49
5243114,2
5243118,36
5243119,1
5243123,61
5243127,41
5243128,80
5243129,7
5243130,77
5243136,47
5243157,36
5243188,48
5243189,77
5243190,38
5243191,9
5243193,16
5243198,43
5243199,28
5243200,1
5243201,1
5243202,4
5243204,28
5243205,2
5243206,2
5243207,10
5243208,53
5243210,20
5243211,41
5243212,49
5243217,17
5243219,11
5243222,39
5243230,73
5243231,7
5243236,61
5243237,3
5243238,31
5243239,1
5243240,6
5243241,35
5243243,60
5243245,38
5243246,1
5243252,34
5243253,3
5243254,6
5243262,72
5243263,83
5243264,62
5243265,28
5243266,31
5243270,7
5243271,26
5243273,75
5243276,31
5243277,1
5243278,52
5243336,1
5243337,14
5243339,60
5243342,29
5243343,52
5243344,51
5243345,13
5243346,25
5243349,2
5243350,5
5243351,4
5243352,2
5243355,19
5243361,2
5243364,55
5243366,43
5243367,4
5243368,38
5243369,44
5243370,10
5243371,11
5243378,74
5243379,64
5243380,58
5243381,51
5243382,52
5243383,47
5243384,2
5243386,34
5243387,38
5243388,21
5243390,59
5243392,4
5243393,42
5243394,34
5243395,46
5243397,16
5243399,37
5243400,2
5243402,1
5243403,4
5243404,46
5243405,58
5243407,18
5243409,17
5243652,1
5244505,12
5245385,3
5245624,23
5245765,61
5246523,1
5246607,2
5246608,1
5246631,5
5246632,3
5246634,4
5246635,3
5246636,4
5246638,1
5246640,1
5246705,2
5246707,2
5246710,2
5246768,4
5246797,3
5246805,1
5246823,1
5246830,3
5246872,5
5246878,57
5246905,3
5246913,5
5246915,4
5246916,1
5246920,8
5246943,5
5246949,1
5246977,5
5246979,3
5246980,3
5246981,2
5246982,3
5246983,3
5247054,1
5247055,3
5247057,5
5247067,1
5247069,2
5247120,3
5247123,1
5247135,4
5247137,2
5247138,2
5247139,2
5247141,1
5247142,1
5247143,2
5247145,8
5247151,6
5247156,6
5247157,2
5247158,36
5247159,3
5247161,1
5247162,3
5247163,3
5247164,1
5247184,1
5247186,2
5247189,4
5247192,1
5247193,5
5247199,4
5247200,57
5247243,5
5247249,4
5247278,4
5247279,3
5247306,2
5247311,1
5247312,6
5247313,3
5247317,1
5247320,6
5247322,8
5247323,2
5247324,1
5247325,7
5247326,1
5247352,1
5247365,2
5247367,3
5247368,4
5247371,3
5247372,3
5247373,1
5247374,3
5247376,1
5247378,2
5247382,2
5247383,3
5247389,1
5247391,1
5247392,1
5247394,2
5247395,3
5247405,3
5247407,1
5247414,13
5247416,4
5247417,13
5247418,6
5247419,6
5247420,12
5247422,1
5247423,12
5247424,1
5247431,4
5247441,17
5247448,33
5247451,2
5247488,2
5247492,6
5247506,2
5247508,1
5247510,3
5247512,9
5247533,2
5247540,1
5247542,3
5247547,1
5247548,5
5247595,3
5247596,1
5247597,2
5247601,3
5247602,2
5247604,2
5247605,2
5247615,3
5247619,1
5247621,60
5247636,12
5247638,4
5247644,1
5247645,3
5247648,1
5247650,3
5247660,2
5247665,2
5247666,2
5247668,1
5247673,2
5247690,1
5247691,1
5247695,1
5247704,9
5247705,29
5247711,4
5247712,12
5247718,2
5247736,5
5247738,2
5247739,3
5247744,22
5247747,3
5247749,3
5247753,1
5247776,1
5247777,2
5247778,2
5247798,1
5247799,2
5247801,1
5247804,2
5247807,5
5247808,4
5247811,1
5247812,1
5247813,2
5247814,4
5247815,3
5247831,10
5247832,3
5247843,1
5247847,1
5247848,1
5247852,2
5247854,2
5247860,53
5247862,41
5247864,57
5247865,5
5247868,7
5247870,1
5247871,1
5247889,2
5247933,16
5247935,18
5247972,2
5247975,3
5247979,10
5248001,2
5248033,2
5248038,2
5248043,1
5248067,2
5248077,4
5248079,2
5248080,5
5248104,1
5248107,1
5248109,2
5248110,2
5248112,4
5248113,8
5248152,5
5248154,1
5248157,3
5248232,2
5248238,2
5248243,13
5248277,63
5248294,1
5248295,44
5248298,17
5248299,2
5248300,34
5248301,23
5248302,62
5248381,1
5248414,2
5248416,3
5248419,5
5248420,2
5248421,1
5248439,1
5248469,3
5248471,2
5248472,1
5248474,2
5248475,4
5248490,2
5248496,5
5248497,5
5248501,4
5248504,1
5248591,2
5249365,1
5249368,5
5250000,3
5250003,3
5250004,4
5250005,2
5250010,1
5250012,1
5250039,1
5250040,1
5250041,12
5250044,2
5250046,3
5250048,4
5250094,2
5250096,5
5250098,3
5250100,1
5250129,4
5250133,8
5250135,1
5250136,3
5250138,5
5250165,1
5250168,1
5250170,1
5250178,2
5250180,3
5250204,12
5250255,3
5250262,2
5250268,4
5250309,10
5250310,1
5250312,2
5250313,10
5250314,5
5250315,1
5250363,2
5250369,4
5250398,2
5250400,3
5250403,1
5250404,2
5250405,5
5250428,4
5250434,7
5250435,4
5250436,4
5250479,1
5250481,2
5250486,1
5250493,1
5250526,6
5250532,7
5250536,4
5250537,2
5250539,1
5250541,1
5250545,2
5250546,5
5250547,1
5250549,1
5250551,4
5250569,8
5250586,2
5250587,2
5250600,28
5250605,2
5250609,1
5250621,1
5250623,1
5250624,3
5250627,4
5250725,1
5250728,3
5250730,1
5250731,4
5250733,5
5250739,2
5250755,51
5250757,1
5250760,2
5250761,6
5250888,1
5250891,1
5250893,1
5250895,1
5250898,2
5250899,2
5250900,1
5250922,4
5250925,3
5250927,2
5251017,1
5251040,4
5251966,4
5252023,1
5252024,2
5252031,2
5252032,3
5252047,7
5252048,1
5252053,18
5252055,41
5252076,27
5252085,1
5252087,2
5252088,2
5252113,1
5252114,1
5252116,25
5252118,1
5252119,2
5252123,3
5252202,1
5252205,1
5252266,1
5252282,2
5252285,1
5252286,1
5252288,5
5252289,34
5252322,1
5252323,53
5252345,3
5252346,3
5252350,3
5252351,8
5252360,2
5252363,1
5252370,1
5252373,1
5252379,1
5252383,2
5252384,2
5252386,5
5252411,1
5252423,4
5252473,2
5252481,9
5252494,2
5252503,43
5252505,38
5252508,2
5252509,4
5252513,2
5252516,1
5252518,3
5252536,2
5252545,3
5252599,3
5252600,15
5252606,24
5252618,2
5252626,3
5252627,2
5252628,2
5252631,2
5252636,1
5252637,1
5252638,4
5252641,1
5252932,3
5252933,1
5252938,2
5252939,2
5252944,2
5253385,3
5253386,15
5253389,23
5254158,3
5254159,37
5254161,38
5254164,21
5254165,52
5254169,13
5254171,37
5254172,5
5254173,15
5254174,20
5254178,20
5254181,10
5254206,6
5254207,34
5254214,3
5254217,2
5254219,2
5254223,3
5254227,3
5254233,3
5254240,6
5254241,6
5254265,1
5254267,1
5254268,1
5254270,2
5254274,3
5254276,3
5254316,61
5254317,9
5254318,6
5254321,18
5254322,26
5254323,16
5254325,5
5254329,29
5254331,2
5254332,34
5254333,43
5254335,3
5254337,8
5254338,41
5254339,61
5254340,71
5254409,3
5254576,2
5254581,5
5254582,1
5254583,2
5254584,2
5254586,4
5254646,2
5254650,3
5254817,1
5254822,2
5254826,2
5254829,3
5254834,1
5254840,40
5254842,1
5254844,2
5254849,4
5254861,2
5254863,1
5254866,4
5254867,6
5254868,3
5254917,2
5254943,3
5254944,2
5254946,6
5254959,1
5254960,1
5254967,2
5254970,5
5254972,2
5254974,1
5254975,2
5254980,2
5254981,3
5254983,2
5254986,18
5254991,3
5254994,3
5254997,2
5254999,2
5255002,2
5255080,1
5255082,1
5255083,1
5255084,3
5255088,2
5255091,14
5255092,39
5255152,5
5255155,3
5255173,2
5255227,2
5255260,38
5255410,4
5255412,1
5255522,1
5255531,3
5255534,1
5255562,2
5255567,4
5255569,4
5255574,1
5255578,2
5255709,13
5255772,2
5255773,2
5255776,1
5255778,2
5256378,5
5256466,17
5256467,3
5256472,1
5256519,2
5256685,1
5256688,2
5256689,1
5256857,1
5256858,3
5257084,11
5257086,4
5257087,4
5257088,1
5257182,5
5257184,7
5257185,9
5257187,4
5257229,5
5257230,4
5257231,7
5257232,10
5257233,10
5257253,2
5257254,1
5257257,3
5257258,2
5257259,3
5257283,2
5257285,1
5257287,2
5257289,2
5257290,4
5257291,1
5257299,5
5257300,3
5257364,2
5257407,2
5257408,4
5257409,2
5257410,1
5257412,2
5257413,1
5257417,3
5257418,3
5257419,1
5257421,1
5257424,1
5257425,3
5257645,3
5257647,4
5257652,8
5257653,6
5257654,1
5257662,1
5257663,1
5257666,1
5257670,2
5257803,3
5257808,5
5257810,4
5257818,1
5257820,2
5257822,1
5257884,2
5257888,6
5257914,7
5257916,54
5257917,31
5257959,11
5257983,3
5257989,2
5258050,8
5258059,2
5258060,3
5258061,5
5258062,1
5258069,2
5258072,3
5258085,2
5258087,4
5258088,2
5258092,2
5258093,4
5258094,2
5258098,2
5258101,2
5258106,1
5258107,2
5258370,7
5258382,2
5258383,2
5258385,3
5258386,2
5258387,3
5258388,5
5258390,2
5258391,4
5258395,2
5258413,5
5258414,21
5258420,2
5258422,3
5258423,2
5258452,9
5258454,3
5258455,1
5258456,3
5258459,36
5258494,35
5258518,3
5258520,3
5258535,1
5258586,1
5258587,1
5258594,2
5258604,3
5258610,3
5258644,2
5258648,5
5258664,1
5258665,1
5258666,2
5258667,2
5258831,1
5258832,3
5258838,3
5258842,4
5258843,2
5258846,1
5258849,12
5258930,1
5258932,2
5258958,6
5258961,1
5258963,3
5258965,2
5258969,2
5258971,3
5258973,4
5258974,1
5258977,3
5259001,4
5259006,2
5259007,1
5259011,49
5259021,5
5259022,2
5259023,1
5259025,2
5259026,1
5259028,2
5259035,4
5259037,1
5259043,3
5259044,10
5259047,2
5259050,1
5259051,2
5259118,3
5259121,1
5259455,2
5259456,1
5259486,3
5259508,5
5259668,2
5259676,4
5259678,4
5259680,3
5259691,1
5259710,2
5259712,2
5259800,3
5259802,84
5259803,1
5259813,2
5259848,5
5259860,2
5259864,3
5259868,1
5259870,2
5259871,1
5259873,2
5259874,3
5259876,4
5259877,1
5259910,4
5259954,3
5259956,3
5260272,3
5260273,1
5260429,3
5260433,2
5260480,2
5260482,1
5260508,4
5260513,5
5260514,3
5260535,39
5261125,1
5261126,1
5261182,2
5261199,2
5261201,3
5261202,3
5261203,3
5261205,4
5261206,2
5261267,1
5261271,8
5261272,1
5261315,4
5261318,12
5261319,1
5261338,3
5261344,3
5261345,2
5261346,1
5261347,2
5261348,2
5261349,3
5261350,1
5261353,2
5261354,1
5261630,1
5261669,3
5261673,4
5261674,14
5261719,3
5261739,1
5261742,3
5261746,1
5261762,2
5261771,2
5261775,1
5261805,3
5261806,4
5261862,1
5261863,2
5261869,1
5261871,3
5261873,2
5261875,1
5261877,1
5261881,2
5261883,1
5261884,2
5261961,2
5261965,6
5262096,6
5262098,3
5262101,4
5262102,4
5262107,7
5262110,5
5262111,4
5262113,1
5262114,3
5262116,2
5262119,1
5262125,1
5262167,1
5262169,7
5262170,3
5262171,1
5262456,67
5262601,54
5262610,1
5262996,11
5263625,6
5263670,7
5263812,13
5263816,48
5263817,3
5263909,2
5264271,3
5264272,3
5264274,3
5264278,2
5264283,4
5264285,6
5264290,4
5264292,5
5264294,4
5264295,7
5264299,2
5264646,2
5264730,21
5279252,38
5281347,34
5281366,51
5281369,41
5281370,53
5281371,1
5281379,7
5287474,49
5290629,2
5291864,33
5292602,60
5293246,45
5309819,15
5311499,4
5311500,4
5311501,3
5311502,44
5311503,8
5311506,60
5311512,3
5311523,61
5311526,20
5311527,17
5311528,8
5311530,33
5311579,12
5311580,72
5311581,46
5311582,34
5311583,33
5311607,28
5311608,1
5311609,57
5311610,14
5311725,33
5311726,41
5311727,3
5311728,29
5311729,6
5311730,66
5311731,11
5311732,40
5311733,59
5311734,58
5311735,61
5311740,24
5311749,1
5311752,81
5311759,30
5311760,68
5311761,37
5311763,18
5311765,6
5311767,1
5311826,12
5311829,32
5311831,32
5311832,55
5311833,12
5311834,1
5311835,6
5311836,4
5311838,2
5311842,38
5311843,16
5311844,65
5311846,68
5311847,2
5311848,1
5311849,33
5311850,9
5311851,31
5311852,3
5311857,16
5311860,14
5311861,43
5311862,53
5311863,10
5311864,6
5311865,65
5311867,37
5311868,27
5311884,5
5311886,15
5311887,65
5311888,41
5311889,47
5311890,51
5311892,10
5311896,40
5311897,9
5311900,66
5311901,47
5311903,52
5311905,4
5311908,18
5311911,5
5311912,35
5311913,25
5311915,1
5311916,3
5311919,52
5311921,52
5311922,1
5311923,21
5311925,1
5311926,20
5311928,84
5311929,16
5311930,11
5311934,31
5311935,58
5311937,38
5311938,36
5311946,32
5311955,24
5311960,16
5311967,58
5311968,1
5311969,30
5311972,53
5311974,10
5311975,16
5311977,1
5311984,45
5311985,3
5311986,13
5311988,10
5311991,50
5311993,13
5311995,50
5311997,2
5312006,4
5312007,9
5312009,54
5312010,65
5312011,65
5312012,36
5312013,2
5312014,30
5312015,2
5312018,21
5312019,36
5312025,75
5312026,33
5312028,23
5312029,2
5312035,24
5312037,16
5312040,6
5312041,37
5312042,28
5312048,59
5312050,56
5312051,13
5312052,11
5312057,13
5312059,6
5312060,46
5312061,54
5312069,50
5312078,13
5312079,56
5312139,4
5312144,41
5312145,65
5312146,1
5312151,1
5312155,19
5312156,21
5312163,84
5312164,13
5312165,1
5312166,19
5312171,12
5312172,24
5312173,9
5312174,55
5312176,47
5312177,25
5312178,7
5312179,24
5312180,51
5312182,28
5312183,1
5312184,23
5312187,26
5312188,50
5312256,61
5312257,13
5312258,60
5312261,5
5312287,14
5312288,69
5312289,24
5312292,2
5312293,55
5312296,1
5312299,8
5312300,13
5312301,2
5312302,2
5312304,12
5312305,2
5312311,45
5312312,33
5312315,66
5312319,1
5312320,5
5312322,40
5312326,29
5312328,30
5312330,4
5312331,20
5312332,30
5312333,31
5312336,27
5312338,78
5312340,56
5312342,60
5312343,3
5312344,46
5312345,68
5312348,46
5312350,51
5312352,7
5312355,42
5312356,2
5312387,41
5312390,39
5312391,16
5312425,41
5312427,70
5312429,68
5312433,22
5312444,2
5312445,34
5312446,69
5312447,25
5312448,25
5312449,17
5312451,49
5312455,2
5312456,76
5312457,80
5312599,29
5312600,2
5312601,14
5312602,20
5312654,42
5312655,35
5312656,30
5312885,76
5312886,11
5312887,27
5312888,28
5312889,23
5312890,34
5312891,52
5312898,2
5312900,3
5312901,29
5312902,46
5312903,33
5312912,1
5312913,58
5312919,47
5312920,1
5312922,26
5312924,2
5312925,75
5312926,25
5312967,19
5312968,21
5312969,62
5312970,1
5312971,16
5312972,32
5312976,41
5312977,83
5312979,22
5312996,50
5312997,26
5313000,5
5313001,9
5313003,7
5313004,4
5313005,50
5313007,45
5313012,50
5313030,10
5313031,65
5313033,46
5313034,7
5313035,43
5313048,48
5313049,62
5313050,18
5313052,1
5313053,57
5313054,54
5313068,55
5313069,51
5313070,44
5313071,45
5313072,13
5313073,6
5313074,1
5313075,35
5313076,55
5313077,1
5313078,6
5313079,9
5313080,29
5313081,15
5313082,13
5313085,73
5313086,32
5313087,34
5313088,72
5313093,85
5313096,61
5313098,52
5313107,2
5313109,27
5313110,15
5313111,76
5313112,69
5313119,50
5313120,1
5313121,35
5313124,1
5313125,8
5313126,60
5313127,18
5313131,64
5313133,13
5313134,36
5313138,39
5313139,23
5313144,48
5313145,18
5313146,44
5313147,68
5313148,39
5313149,31
5313150,34
5313151,70
5313152,59
5313153,56
5313154,39
5313155,22
5313157,1
5313158,8
5313159,77
5313160,12
5313163,52
5313164,46
5313166,63
5313167,1
5313169,47
5313170,40
5313171,21
5313173,53
5313174,15
5313176,7
5313177,20
5313178,14
5313179,34
5313181,19
5313182,30
5313183,16
5313184,14
5313186,38
5313187,10
5313189,31
5313190,2
5313191,39
5313192,41
5313193,53
5313194,8
5313195,23
5313196,48
5313198,12
5313199,42
5313200,26
5313202,32
5313203,12
5313205,21
5313206,22
5313207,45
5313208,3
5313209,30
5313210,81
5313211,1
5313212,77
5313213,85
5313214,75
5313215,58
5313216,8
5313221,34
5313222,22
5313224,12
5313225,34
5313226,28
5313238,1
5313239,40
5313240,42
5313241,4
5313242,44
5313243,46
5313245,26
5313246,27
5313253,5
5313257,21
5313258,43
5313260,64
5313261,11
5313262,5
5313263,47
5313264,16
5313265,40
5313266,11
5313268,49
5313269,34
5313270,69
5313272,6
5313274,22
5313276,2
5313277,83
5313279,23
5313280,24
5313281,44
5313282,17
5313291,80
5313292,43
5313294,40
5313295,29
5313296,6
5313308,21
5313324,51
5313325,7
5313326,46
5313327,1
5313328,12
5313353,19
5313355,1
5313356,32
5313358,71
5313359,3
5313360,47
5313361,19
5313362,2
5313364,13
5313365,8
5313367,1
5313368,28
5313370,17
5313371,20
5313373,7
5313374,36
5313375,28
5313376,32
5313377,17
5313378,55
5313379,24
5313380,23
5313381,54
5313382,37
5313383,21
5313384,5
5313385,7
5313387,2
5313388,13
5313389,6
5313394,42
5313395,6
5313397,11
5313399,65
5313401,37
5313402,56
5313432,19
5313433,42
5313435,26
5313436,18
5313440,51
5313441,7
5313444,22
5313445,7
5313446,58
5313447,23
5313448,28
5313449,72
5313450,34
5313452,1
5313453,34
5313454,49
5313455,15
5313456,46
5313458,74
5313459,16
5313493,88
5313494,4
5313495,13
5313498,57
5313499,2
5313500,32
5313501,11
5313503,31
5313506,25
5313507,23
5313508,23
5313509,9
5313511,38
5313512,5
5313514,15
5313515,9
5313521,53
5313522,11
5313523,5
5313527,62
5313529,43
5313530,53
5313531,80
5313542,78
5313546,47
5313547,67
5313548,32
5313549,1
5313550,80
5313551,12
5313552,11
5313554,41
5313555,40
5313557,22
5313558,68
5313560,50
5313561,7
5313562,12
5313563,20
5313565,35
5313566,40
5313569,45
5313574,11
5313575,50
5313578,7
5313579,34
5313580,57
5313581,60
5313590,1
5313591,5
5313592,49
5313633,33
5313634,70
5313638,16
5313654,40
5313655,47
5313656,55
5313658,15
5313659,19
5313660,7
5313662,88
5313663,3
5313665,2
5313667,38
5313668,3
5313669,75
5313670,5
5313671,27
5313672,27
5313674,58
5313675,11
5313677,37
5313678,59
5313679,32
5313684,1
5313685,33
5313686,63
5313687,64
5313688,23
5313690,5
5313691,8
5313693,43
5313695,11
5313696,54
5313697,39
5313698,4
5313700,23
5313705,40
5313706,52
5313711,2
5313712,49
5313713,27
5313714,74
5313716,22
5313717,1
5313718,16
5313719,1
5313721,15
5313722,32
5313726,80
5313730,49
5313731,27
5313732,17
5313733,78
5313734,1
5313751,25
5313752,49
5313753,61
5313754,48
5313756,38
5313820,8
5313821,7
5313823,1
5313836,35
5313845,43
5313846,37
5313847,41
5313852,39
5313853,47
5313859,19
5313860,4
5313861,45
5313868,32
5313872,26
5313873,46
5313874,5
5313875,44
5313879,31
5313880,42
5313882,4
5313883,68
5313884,68
5313885,1
5313886,88
5313887,27
5313888,34
5313890,3
5313891,35
5313892,29
5313893,56
5313894,21
5313896,3
5313897,32
5313898,29
5313899,58
5313900,1
5313902,61
5313903,14
5313905,47
5313910,7
5313911,69
5313912,1
5313913,15
5313914,43
5313915,31
5313916,1
5313917,8
5313918,32
5313920,72
5313921,30
5313922,71
5313924,25
5313925,40
5313926,2
5313927,50
5313930,2
5313931,41
5313932,61
5313934,9
5313935,1
5313936,42
5313937,40
5313938,52
5313939,66
5313941,48
5313944,31
5313945,3
5313946,43
5313947,30
5313948,35
5313949,31
5313950,18
5313951,50
5313953,47
5313954,6
5313955,32
5314163,87
5314164,2
5314165,67
5314168,44
5314169,75
5314170,28
5314171,78
5314172,10
5314173,30
5314175,48
5314176,51
5314177,37
5314179,84
5314180,14
5314181,9
5314182,46
5314183,52
5314184,2
5314185,13
5314188,8
5314189,5
5314190,56
5314191,23
5314192,54
5314193,35
5314194,6
5314195,73
5314202,13
5314203,47
5314204,81
5314205,9
5314206,2
5314208,50
5314209,71
5314210,68
5314213,3
5314224,2
5314225,78
5314226,40
5314227,23
5314228,4
5314229,6
5314282,6
5314283,39
5314284,51
5314285,23
5314286,49
5314288,2
5314289,1
5314291,15
5314292,12
5314295,46
5314296,12
5314297,62
5314298,50
5314308,54
5314309,62
5314310,6
5314311,1
5314313,2
5314315,9
5314317,1
5314319,33
5314320,47
5314321,24
5314322,15
5314323,50
5314324,6
5314326,93
5314327,16
5314330,26
5314331,44
5314333,16
5314334,8
5314337,41
5314338,27
5314339,48
5314340,53
5314341,7
5314342,26
5314344,1
5314345,1
5314348,10
5314349,32
5314350,8
5314351,19
5314352,9
5314353,37
5314354,1
5314355,5
5314356,58
5314357,57
5314358,23
5314359,1
5314360,19
5314361,19
5314362,23
5314363,14
5314364,44
5314365,2
5314366,22
5314367,11
5314372,33
5314374,5
5314375,40
5314376,58
5314377,57
5314440,60
5314441,45
5314443,52
5314444,72
5314445,22
5314446,62
5314447,1
5314448,3
5314449,7
5314450,8
5314451,51
5314453,65
5314454,45
5314455,6
5314456,80
5314457,11
5314458,22
5314459,3
5314460,63
5314461,81
5314462,1
5314463,33
5314464,59
5314465,16
5314466,15
5314468,15
5314470,32
5314472,65
5314474,44
5314475,27
5314476,53
5314477,81
5314478,1
5314479,2
5314480,47
5314481,66
5314482,18
5314483,11
5314484,50
5314485,3
5314486,1
5314490,2
5314491,23
5314493,1
5314499,17
5314500,1
5314503,32
5314505,27
5314506,37
5314508,24
5314509,33
5314510,19
5314511,79
5314513,33
5314514,6
5314515,31
5314516,59
5314517,22
5314518,1
5314521,2
5314527,2
5314529,9
5314530,2
5314534,22
5314535,51
5314536,44
5314537,35
5314538,32
5314540,45
5314541,27
5314549,2
5314550,29
5314551,34
5314552,8
5314553,44
5314555,43
5314556,13
5314557,6
5314558,38
5314559,58
5314560,4
5314561,13
5314562,46
5314563,12
5314564,27
5314567,17
5314569,11
5314570,46
5314571,7
5314572,1
5314573,53
5314574,59
5314575,12
5314576,36
5314580,48
5314582,9
5314583,2
5314584,1
5314586,17
5314587,48
5314588,2
5314589,4
5314591,71
5314592,20
5314593,25
5314594,39
5314611,63
5314612,69
5314613,43
5314615,24
5314617,1
5314618,47
5314620,20
5314621,1
5314622,22
5314625,45
5314627,49
5314630,39
5314634,46
5314635,6
5314636,84
5314638,64
5314641,68
5314642,31
5314643,86
5314644,24
5314646,38
5314647,1
5314648,42
5314649,2
5314673,3
5314674,38
5314675,46
5314676,30
5314677,35
5314680,13
5314681,9
5314682,23
5314703,39
5314704,34
5314705,29
5314706,24
5314707,6
5314708,15
5314709,36
5314717,41
5314718,56
5314720,59
5314722,40
5314723,71
5314724,28
5314725,16
5314732,10
5314733,27
5314734,69
5314735,1
5314736,61
5314738,2
5314741,15
5314742,14
5314746,47
5314747,2
5314748,29
5314750,52
5314751,56
5314753,21
5314755,47
5314756,10
5314757,45
5314760,49
5314761,25
5314762,5
5314763,17
5314764,6
5314765,4
5314766,27
5314768,4
5314771,67
5314772,45
5314773,64
5314774,56
5314775,66
5314777,55
5314778,57
5314779,16
5314782,2
5314795,57
5314796,25
5314798,51
5314799,62
5314801,3
5314802,3
5314803,2
5314804,25
5314805,19
5314813,49
5314815,44
5314817,21
5314818,44
5314819,3
5314820,21
5314821,9
5314822,46
5314830,16
5314831,26
5314832,58
5314834,7
5314835,7
5314838,33
5314849,80
5314850,2
5314852,1
5314853,67
5314854,19
5314856,2
5314857,7
5314858,30
5314859,39
5314860,15
5314870,38
5314871,16
5315062,42
5315063,20
5315083,24
5315084,60
5315085,2
5315086,8
5315088,3
5315124,24
5315245,45
5315246,66
5315247,36
5315573,26
5315574,9
5315575,25
5315576,76
5315577,3
5315578,49
5315579,42
5315585,56
5315586,6
5315591,4
5315592,47
5315593,3
5315594,4
5315595,23
5315596,47
5315598,61
5315804,30
5315806,46
5315976,1
5315978,2
5315979,3
5315980,3
5315982,1
5315983,2
5315984,5
5315997,7
5315998,4
5315999,9
5316001,7
5316004,11
5316005,31
5316007,5
5316008,18
5316009,16
5316010,13
5316011,6
5316014,1
5316015,2
5316016,3
5316017,1
5316018,4
5316021,8
5316024,3
5316025,7
5316026,5
5316027,1
5316028,3
5316030,2
5316031,2
5316032,1
5316033,3
5316034,1
5316035,2
5316036,2
5316037,1
5316042,8
5316046,26
5316047,65
5316049,54
5316053,3
5316054,1
5316055,4
5316056,4
5316057,3
5316059,3
5316060,1
5316061,3
5316063,3
5316075,4
5316076,1
5316077,3
5316078,3
5316080,2
5316082,2
5316083,1
5316084,1
5316093,1
5316094,4
5316095,3
5316097,1
5316098,2
5316099,3
5316101,3
5316102,5
5316103,3
5316106,2
5316107,6
5316111,9
5316112,7
5316114,3
5316115,6
5316116,5
5316117,1
5316118,2
5316119,1
5316121,5
5316124,3
5316127,2
5316128,2
5316129,1
5316134,1
5316151,1
5316154,1
5316155,4
5316157,2
5316158,3
5316159,1
5316162,1
5316164,2
5316165,4
5316166,2
5316167,3
5316168,1
5316169,1
5316171,1
5316173,5
5316175,1
5316176,3
5316177,1
5316178,1
5316179,1
5316180,1
5316181,1
5316182,3
5316188,2
5316189,2
5316190,4
5316191,4
5316194,2
5316197,4
5316199,2
5316203,2
5316213,8
5316214,14
5316215,1
5316216,9
5316217,6
5316218,23
5316219,48
5316220,34
5316221,2
5316224,4
5316225,2
5316226,1
5316228,4
5316229,2
5316230,1
5316231,6
5316233,1
5316234,1
5316235,5
5316236,1
5316241,3
5316242,1
5316245,1
5316251,1
5316252,5
5316266,1
5316267,5
5316268,3
5316269,2
5316272,1
5316273,2
5316275,1
5316276,1
5316284,1
5316285,1
5316286,2
5316289,1
5316294,2
5316296,4
5316298,1
5316299,1
5316305,3
5316306,6
5316307,1
5316308,5
5316312,4
5316313,4
5316314,1
5316315,1
5316316,1
5316317,1
5316319,1
5316325,3
5316326,2
5316327,3
5316328,1
5316329,3
5316330,5
5316331,1
5316334,2
5316335,2
5316337,3
5316338,4
5316344,1
5316345,2
5316346,1
5316347,1
5316353,1
5316356,2
5316358,3
5316360,3
5316361,1
5316364,1
5316366,2
5316375,4
5316377,2
5316378,3
5316379,8
5316381,6
5316421,2
5316423,4
5316425,1
5316427,2
5316429,2
5316430,1
5316431,4
5316432,1
5316433,7
5316435,2
5316438,2
5316439,1
5316440,4
5316441,5
5316442,2
5316444,1
5316446,3
5316447,1
5316448,3
5316449,2
5316450,2
5316451,1
5316452,8
5316454,3
5316455,5
5316456,4
5316457,5
5316458,1
5316461,1
5316463,5
5316468,2
5316469,8
5316470,4
5316478,5
5316480,2
5316481,2
5316484,2
5316488,4
5316490,2
5316491,1
5316492,1
5316493,3
5316494,4
5316496,1
5316497,1
5316498,3
5316499,5
5316500,7
5316501,5
5316502,7
5316505,1
5316507,4
5316509,2
5316510,5
5316512,5
5316517,4
5316518,4
5316519,4
5316520,4
5316521,5
5316523,1
5316525,4
5316526,8
5316528,1
5316529,2
5316531,3
5316533,3
5316545,2
5316546,2
5316547,1
5316548,3
5316549,3
5316550,1
5316551,5
5316552,1
5316553,2
5316554,6
5316561,2
5316563,5
5316565,2
5316566,2
5316568,2
5316586,1
5316587,2
5316588,2
5316610,5
5316613,3
5316614,2
5316615,3
5316617,2
5316618,8
5316619,6
5316624,1
5316625,1
5316630,2
5316634,2
5316635,4
5316638,2
5316639,2
5316640,1
5316641,4
5316644,3
5316647,1
5316658,2
5316659,3
5316662,2
5316664,2
5316668,3
5316676,2
5316677,3
5316678,5
5316679,8
5316680,1
5316681,9
5316682,2
5316683,2
5316925,3
5316926,1
5316927,6
5316928,1
5316929,2
5316930,2
5316931,4
5316932,1
5316933,3
5316935,6
5316937,2
5316939,3
5316948,1
5316965,1
5316966,1
5316970,3
5316971,2
5316976,1
5316977,1
5316983,3
5316984,2
5316997,3
5316998,1
5316999,4
5317001,4
5317005,2
5317006,2
5317007,1
5317009,5
5317010,1
5317012,1
5317014,1
5317015,3
5317016,3
5317017,1
5317018,1
5317019,4
5317021,5
5317022,1
5317025,4
5317026,2
5317027,5
5317174,1
5317197,4
5317198,2
5317199,2
5317202,2
5317203,3
5317205,2
5317214,4
5317216,2
5317219,1
5317221,2
5317222,1
5317225,3
5317226,1
5317227,2
5317228,2
5317229,2
5317231,2
5317232,7
5317233,5
5317234,6
5317235,7
5317237,8
5317238,14
5317239,3
5317241,2
5317250,3
5317251,1
5317256,4
5317257,3
5317258,1
5317262,4
5317263,1
5317269,2
5317271,3
5317273,28
5317274,32
5317275,57
5317276,33
5317277,1
5317278,2
5317279,4
5317280,2
5317282,3
5317296,1
5317300,1
5317304,2
5317305,1
5317314,61
5317315,19
5317316,43
5317317,34
5317318,68
5317319,5
5317320,59
5317321,15
5317322,2
5317324,4
5317328,1
5317329,2
5317330,3
5317331,3
5317332,41
5317333,63
5317334,34
5317336,19
5317337,33
5317340,1
5317344,4
5317346,3
5317348,2
5317349,4
5317352,2
5317353,2
5317358,4
5317360,3
5317362,4
5317367,5
5317368,3
5317370,3
5317382,2
5317384,1
5317385,5
5317396,2
5317400,2
5317401,1
5317402,1
5317404,6
5317406,1
5317408,1
5317409,7
5317410,3
5317434,1
5317435,1
5317438,5
5317456,1
5317457,1
5317458,3
5317460,2
5317514,1
5317515,1
5317516,1
5317517,2
5317518,1
5317521,2
5317525,1
5317528,3
5317529,3
5317532,4
5317533,2
5317535,2
5317548,2
5317549,1
5317551,2
5317578,1
5317579,2
5317581,2
5317585,1
5317586,2
5317587,1
5317591,1
5317596,2
5317597,3
5317598,6
5317600,1
5317622,3
5317626,1
5317628,1
5317629,2
5317632,2
5317636,3
5317639,1
5317640,2
5317684,3
5317685,3
5317687,1
5317839,2
5317840,2
5317842,1
5317843,5
5317844,1
5317845,5
5317846,3
5317847,1
5317848,3
5317849,2
5317854,1
5317855,4
5317856,6
5317857,8
5317858,2
5317859,4
5317860,15
5318016,5
5318017,3
5318019,1
5318020,3
5318022,4
5318023,5
5318054,7
5318055,23
5318056,18
5318057,16
5318058,4
5318059,6
5318060,2
5318061,3
5318062,9
5318064,2
5318067,1
5318068,2
5318070,1
5318071,3
5318072,4
5318073,5
5318074,2
5318075,4
5318076,3
5318077,2
5318079,1
5318080,1
5318083,1
5318088,2
5318089,1
5318090,2
5318091,4
5318092,2
5318093,5
5318094,2
5318095,2
5318096,4
5318097,2
5318102,3
5318106,2
5318108,1
5318109,1
5318110,1
5318111,1
5318116,2
5318118,3
5318121,2
5318123,2
5318125,4
5318129,4
5318130,3
5318131,2
5318132,4
5318133,1
5318134,3
5318135,2
5318137,1
5318586,2
5318587,3
5318588,2
5318589,2
5318631,2
5318632,2
5318635,2
5318654,2
5318658,1
5318659,3
5318660,1
5318662,1
5318664,2
5318667,1
5318687,2
5318688,1
5318690,1
5318720,11
5318722,1
5318723,1
5318725,8
5318760,8
5318761,9
5318762,8
5318763,10
5318764,10
5318765,1
5318766,1
5318769,8
5318794,3
5318795,3
5318796,1
5318797,3
5318798,4
5318799,3
5318826,1
5318827,3
5318829,3
5318831,4
5318851,1
5318853,6
5318854,6
5318855,5
5318856,3
5318857,4
5318858,3
5318860,5
5318863,3
5318864,3
5318870,1
5318876,2
5318898,3
5318916,2
5318917,2
5318920,3
5318922,2
5318923,1
5318925,4
5318949,2
5318950,2
5318953,1
5318954,3
5318955,1
5318957,2
5318966,1
5318967,1
5318968,3
5318969,6
5318970,1
5318971,3
5318972,3
5318973,3
5318991,2
5318992,1
5318993,4
5319242,1
5319245,1
5319246,1
5319247,2
5319248,2
5319258,1
5319265,1
5319266,2
5319268,1
5319275,3
5319276,4
5319278,3
5319280,1
5319281,1
5319286,3
5319289,1
5319292,1
5319293,2
5319294,2
5319295,3
5319299,4
5319300,4
5319303,1
5319304,1
5319305,1
5319306,2
5319308,2
5319309,1
5319310,1
5319313,9
5319314,1
5319316,1
5319320,2
5319329,2
5319330,3
5319333,1
5319484,6
5319487,4
5319488,1
5319489,2
5319490,3
5319491,1
5319494,1
5319495,1
5319496,2
5319500,3
5319502,2
5319503,2
5319504,4
5319505,4
5319509,3
5319510,3
5319513,3
5319515,1
5319517,2
5319519,6
5319521,8
5319525,1
5319526,3
5319527,1
5319529,1
5319530,1
5319531,1
5319532,1
5319540,1
5319541,2
5319543,3
5319546,2
5319547,4
5319548,9
5319549,4
5319553,11
5319556,1
5319560,1
5319561,1
5319562,1
5319566,1
5319568,3
5319569,1
5319570,1
5319572,2
5319581,3
5319583,1
5319584,2
5319585,1
5319589,2
5319600,2
5319601,2
5319602,2
5319603,1
5319605,1
5319606,4
5319607,4
5319608,1
5319609,1
5319610,1
5319614,4
5319615,1
5319616,4
5319617,4
5319621,2
5319624,3
5319626,2
5319639,3
5319640,2
5319642,1
5319643,1
5319647,1
5319648,2
5319649,3
5319651,3
5319654,1
5319655,3
5319658,1
5319664,3
5319665,1
5319668,2
5319669,9
5319670,1
5319678,1
5319680,2
5319689,1
5319691,1
5319692,1
5319693,3
5319694,1
5319696,1
5319698,1
5319702,2
5319705,1
5319707,1
5319708,1
5319710,3
5319713,1
5319714,2
5319715,1
5319719,1
5319724,2
5319733,2
5319736,3
5319737,1
5319738,2
5319739,2
5319740,1
5319741,1
5319744,4
5319748,3
5319749,1
5319756,1
5319757,2
5319758,2
5319760,2
5319762,5
5319763,1
5319764,1
5319766,4
5319767,2
5319768,3
5319770,5
5319771,1
5319772,4
5319773,1
5319790,1
5319791,1
5319792,3
5319793,1
5319794,8
5319796,5
5319797,3
5319803,5
5319804,1
5319811,1
5319814,1
5319817,1
5319818,1
5319819,1
5319821,2
5319822,1
5319829,2
5319833,5
5319838,1
5319855,1
5319856,3
5319857,2
5319858,1
5319859,3
5319861,3
5320105,3
5320108,1
5320109,1
5320111,4
5320113,1
5320116,1
5320118,1
5320119,2
5320120,3
5320124,2
5320127,1
5320128,1
5320129,1
5320136,1
5320137,2
5320138,2
5320139,1
5320140,1
5320141,3
5320142,1
5320148,1
5320151,1
5320152,1
5320153,1
5320154,2
5320155,3
5320156,7
5320157,1
5320159,3
5320162,2
5320163,2
5320164,2
5320166,1
5320168,1
5320171,2
5320174,7
5320175,1
5320177,1
5320197,2
5320240,3
5320244,1
5320253,3
5320255,5
5320256,1
5320260,4
5320264,3
5320273,2
5320275,1
5320276,1
5320277,1
5320279,1
5320280,2
5320283,1
5320286,2
5320287,1
5320300,1
5320301,1
5320308,1
5320310,2
5320317,1
5320320,2
5320321,3
5320322,3
5320324,4
5320326,1
5320327,1
5320329,1
5320335,3
5320357,1
5320358,1
5320359,2
5320360,3
5320367,1
5320374,1
5320375,1
5320381,2
5320382,2
5320384,2
5320386,1
5320392,1
5320602,6
5320603,2
5320604,14
5320605,5
5320606,6
5320607,2
5320611,2
5320612,12
5320613,3
5320615,3
5320616,5
5320624,1
5320625,2
5320626,1
5320638,1
5320693,4
5320699,1
5320701,2
5320702,2
5320703,2
5320704,5
5320706,7
5320707,2
5320708,1
5320709,5
5320715,3
5320716,4
5320719,4
5320721,4
5320745,2
5320746,3
5320748,5
5320749,2
5320750,8
5320753,1
5320754,1
5320755,2
5320759,3
5320761,4
5320767,1
5320768,1
5320771,3
5320772,3
5320773,3
5320774,2
5320835,2
5320836,1
5320839,1
5320840,2
5320841,2
5320842,1
5320844,1
5320845,2
5320849,1
5320851,2
5320854,2
5320855,3
5320998,1
5321002,4
5321003,3
5321005,2
5321006,1
5321102,1
5321103,1
5321105,5
5321108,1
5321109,2
5321110,2
5321113,4
5321115,2
5321116,2
5321118,2
5321119,2
5321120,2
5321127,5
5321131,1
5321133,1
5321134,1
5321135,2
5321137,1
5321138,3
5321139,3
5321151,2
5321153,1
5321154,1
5321155,2
5321156,1
5321157,4
5321158,1
5321172,1
5321173,3
5321174,3
5321175,2
5321176,2
5321177,3
5321178,3
5321179,1
5321187,3
5321188,3
5321881,3
5321882,1
5321886,1
5321887,1
5321951,2
5321952,1
5321953,1
5321954,4
5321955,2
5321956,1
5321959,2
5321960,1
5321961,2
5321962,3
5321963,9
5321966,2
5321967,1
5321968,1
5321969,1
5321999,1
5322001,1
5322002,4
5322004,2
5322005,11
5322007,3
5322011,2
5322012,1
5322013,1
5322014,1
5322015,1
5322016,3
5322017,1
5322021,2
5322024,1
5322026,4
5322034,2
5322036,1
5322042,3
5322043,3
5322058,1
5322059,4
5322062,4
5322064,1
5322065,1
5322071,1
5322073,2
5322074,1
5322075,1
5322076,3
5322078,3
5322081,4
5322082,5
5322083,1
5322084,4
5322086,1
5322087,1
5322091,2
5322092,5
5322093,2
5322095,2
5322096,4
5322097,3
5322098,3
5322101,2
5322102,3
5322104,3
5322106,3
5322108,3
5322112,2
5322114,1
5322116,2
5322118,1
5322121,3
5322122,3
5322123,1
5322125,2
5322129,1
5322132,3
5322134,3
5322135,4
5322139,1
5322141,1
5322144,4
5322145,5
5322146,4
5322147,7
5322148,4
5322150,1
5322152,3
5322153,1
5322155,3
5322161,1
5322162,2
5322164,2
5322166,2
5322167,1
5322169,3
5322174,1
5322175,1
5322176,1
5322183,1
5322184,2
5322188,3
5322189,3
5322190,2
5322192,4
5322193,3
5322194,1
5322197,1
5322199,2
5322200,3
5322203,2
5322206,1
5322208,4
5322211,3
5322213,1
5322215,2
5322217,2
5322218,4
5322219,3
5322221,4
5322223,1
5322225,1
5322226,2
5322232,1
5322236,4
5322237,1
5322238,2
5322242,1
5322244,2
5322245,3
5322246,2
5322249,4
5322252,2
5322255,1
5322256,5
5322262,1
5322264,1
5322268,1
5322269,3
5322271,2
5322274,4
5322275,1
5322282,1
5322287,1
5322288,3
5322289,1
5322290,4
5322291,3
5322295,2
5322298,3
5322300,2
5322303,1
5322305,4
5322307,3
5322308,1
5322322,3
5322323,5
5322324,1
5322327,4
5322330,1
5322333,3
5322338,1
5322345,1
5322346,1
5322347,1
5322349,1
5322360,1
5322361,1
5322364,2
5322365,1
5322366,2
5322368,3
5322372,2
5322375,3
5322377,1
5322379,1
5322380,1
5322381,2
5322384,1
5322385,3
5322389,3
5322392,2
5322394,3
5322395,2
5322397,4
5322398,2
5322399,2
5322400,4
5322401,1
5322402,5
5322403,4
5322406,2
5322407,3
5322409,1
5322414,2
5322415,3
5322419,1
5322420,4
5322421,2
5322423,3
5322424,1
5322428,3
5322430,3
5322431,2
5322432,4
5322433,1
5322455,1
5322458,1
5322460,3
5322461,1
5322463,1
5322465,1
5322477,1
5322478,2
5322502,2
5322504,1
5322505,1
5322506,2
5322508,1
5322517,3
5322518,2
5322521,1
5322524,1
5322525,2
5322526,2
5322530,3
5322533,1
5322534,1
5322535,3
5322536,2
5322538,2
5322541,1
5322544,2
5322582,4
5322584,2
5322585,4
5322586,1
5322590,1
5322594,8
5322596,5
5322597,2
5322599,5
5322601,3
5322602,2
5322604,1
5322608,1
5322611,1
5322612,1
5322613,2
5322615,2
5322617,1
5322619,3
5322620,3
5322621,5
5322622,4
5322623,1
5322624,4
5322627,1
5322628,3
5322647,2
5322648,1
5322661,4
5322662,1
5322663,2
5322665,1
5322667,2
5322668,3
5322669,1
5322670,3
5322671,1
5322672,3
5322675,2
5322676,2
5322678,1
5322683,2
5322684,1
5322993,3
5322998,2
5322999,3
5323000,3
5323001,1
5323004,2
5323005,11
5323007,7
5323008,1
5323010,19
5323011,8
5323012,8
5323013,15
5323014,8
5323015,8
5323016,11
5323018,3
5323019,2
5323020,2
5323021,2
5323023,3
5323026,2
5323027,2
5323029,1
5323164,3
5323165,4
5323166,3
5323167,2
5323181,1
5323182,1
5323184,3
5323185,1
5323186,2
5323187,3
5323188,2
5323193,3
5323194,1
5323199,1
5323200,2
5323206,1
5323208,1
5323209,1
5323213,1
5323231,6
5323232,2
5323234,3
5323236,6
5323238,1
5323242,1
5323243,5
5323244,2
5323245,1
5323247,2
5323248,1
5323254,1
5323256,2
5323262,3
5323288,6
5323290,3
5323291,4
5323294,3
5323295,2
5323297,2
5323298,2
5323300,1
5323301,1
5323308,2
5323310,2
5323357,1
5323465,3
5323468,1
5323471,2
5323473,1
5323475,1
5323845,2
5323848,4
5323849,5
5323850,1
5323851,5
5323852,2
5323856,1
5323862,2
5323865,1
5323867,1
5323889,2
5323890,3
5323891,1
5323893,4
5323894,1
5323895,1
5323897,2
5323898,1
5323977,6
5323978,16
5323979,35
5323981,77
5323982,6
5323983,1
5323987,50
5323988,37
5323989,57
5323990,11
5323991,14
5323997,1
5323998,4
5324019,1
5324020,1
5324022,1
5324023,1
5324025,1
5324026,3
5324027,5
5324028,1
5324031,1
5324032,1
5324034,5
5324037,2
5324038,5
5324039,1
5324040,1
5324041,1
5324042,3
5324043,2
5324045,4
5324046,3
5324047,3
5324053,3
5324055,2
5324056,1
5324057,1
5324075,4
5324084,1
5324085,2
5324087,3
5324090,1
5324092,3
5324094,2
5324096,1
5324097,1
5324098,1
5324099,3
5324104,1
5324105,2
5324111,1
5324112,1
5324113,1
5324114,1
5324116,4
5324117,1
5324120,1
5324122,1
5324142,5
5324144,6
5324147,1
5324158,1
5324160,2
5324162,1
5324163,1
5324166,1
5324175,2
5324178,3
5324186,1
5324207,1
5324209,1
5324212,4
5324213,1
5324214,1
5324215,1
5324216,2
5324217,2
5324218,3
5324219,3
5324220,1
5324245,4
5324246,4
5324249,1
5324252,2
5324256,1
5324259,2
5324261,2
5324265,4
5324295,1
5324297,1
5324298,3
5324299,1
5324300,2
5324302,2
5324304,2
5324305,2
5324306,3
5324322,3
5324323,4
5324325,3
5324327,1
5324328,2
5324330,2
5324331,4
5324332,2
5324333,2
5324334,1
5324335,3
5324337,1
5324348,1
5324356,1
5324357,1
5324358,1
5324360,4
5324361,1
5324362,1
5324364,3
5324365,1
5324366,2
5324367,1
5324369,1
5324370,4
5324371,4
5324372,2
5324373,2
5324375,1
5324377,4
5324405,4
5324406,4
5324407,2
5324408,4
5324409,7
5324411,2
5324421,9
5324424,1
5324425,5
5324426,10
5324427,2
5324428,5
5324433,2
5324434,2
5324435,1
5324436,1
5324438,1
5324439,3
5324440,2
5324441,1
5324442,2
5324443,2
5324444,1
5324447,1
5324449,6
5324452,3
5324453,1
5324454,1
5324484,1
5324493,7
5324494,3
5324497,9
5324499,1
5324500,17
5324501,9
5324502,2
5324503,4
5324504,6
5324505,5
5324506,7
5324508,1
5324510,1
5324511,1
5324514,1
5324518,2
5324522,3
5324526,3
5324530,1
5324531,1
5324532,2
5324534,4
5324535,2
5324539,4
5324544,3
5324550,2
5324551,2
5324556,5
5324557,4
5324558,2
5324559,4
5324560,2
5324561,1
5324563,11
5324564,3
5324565,2
5324566,5
5324567,3
5324568,1
5324569,1
5324572,3
5324574,5
5324575,3
5324577,3
5324578,2
5324579,3
5324580,1
5324581,2
5324582,1
5324583,3
5324584,3
5324585,2
5324587,5
5324594,1
5324596,1
5324602,1
5324603,1
5324606,2
5324608,2
5324609,1
5324610,1
5324611,1
5324613,1
5324617,2
5324618,5
5324619,3
5324620,3
5324621,3
5324622,3
5324623,3
5324624,3
5324629,3
5324630,1
5324632,1
5324633,1
5324634,2
5324635,1
5324636,2
5324639,2
5324640,3
5324655,1
5324658,4
5324659,3
5324663,2
5324666,1
5324676,2
5324677,2
5324682,4
5324683,4
5324687,1
5324688,3
5324689,2
5324690,1
5324691,7
5324700,2
5324701,1
5324707,3
5324708,1
5324709,1
5324710,1
5324714,2
5324715,2
5324717,1
5324720,1
5324721,3
5324727,2
5324729,1
5324730,3
5324734,1
5324736,2
5324740,2
5324743,1
5324747,5
5324751,1
5324759,2
5324760,2
5324761,3
5324762,4
5324763,3
5324764,3
5324769,1
5324772,1
5324773,3
5324776,1
5324777,1
5324779,1
5324786,2
5324787,3
5324789,1
5324790,4
5324794,3
5324795,2
5324796,1
5324797,3
5324798,1
5324800,1
5324803,1
5324812,1
5324813,2
5324820,2
5324823,3
5324833,3
5324835,2
5324836,1
5324878,1
5324879,2
5324881,1
5324884,1
5324886,1
5324887,1
5324905,1
5324906,2
5324907,2
5324909,3
5324912,1
5324922,3
5324925,2
5324927,2
5324933,3
5324934,3
5324937,1
5324939,4
5324940,2
5324941,1
5324943,1
5324960,2
5324962,3
5324966,1
5325004,3
5325006,1
5325007,1
5325011,1
5325016,11
5325017,6
5325018,3
5325019,11
5325020,15
5325021,1
5325071,2
5325072,6
5325082,2
5325083,1
5325085,1
5325092,1
5325094,3
5325096,2
5325120,3
5325122,1
5325123,2
5325124,4
5325125,1
5325132,1
5325137,5
5325139,3
5325140,4
5325144,5
5325145,1
5325146,1
5325148,2
5325161,3
5325162,2
5325167,4
5325169,1
5325172,1
5325173,3
5325174,1
5325178,1
5325179,2
5325187,2
5325188,1
5325189,4
5325190,2
5325198,2
5325203,1
5325221,1
5325222,1
5325229,1
5325263,5
5325264,2
5325268,1
5325270,4
5325283,3
5325287,5
5325289,1
5325303,6
5325308,8
5325309,5
5325310,2
5325314,1
5325315,1
5325316,1
5325318,1
5325324,2
5325329,3
5325330,1
5325332,3
5325333,1
5325347,4
5325348,4
5325355,3
5325357,2
5325360,3
5325362,1
5325363,1
5325367,4
5325382,1
5325383,1
5325384,1
5325390,2
5325394,1
5325395,1
5325397,1
5325398,1
5325406,1
5325407,2
5325413,4
5325414,1
5325415,2
5325416,3
5325417,1
5325418,2
5325431,3
5325434,1
5325435,5
5325439,1
5325441,1
5325442,2
5325444,1
5325446,2
5325448,2
5325453,3
5325454,2
5325457,2
5325459,4
5325460,1
5325462,3
5325466,3
5325468,2
5325469,1
5325507,6
5325510,3
5325513,1
5325516,2
5325518,3
5325522,1
5325634,2
5325635,1
5325722,4
5325760,2
5325761,3
5325763,1
5325764,1
5325774,2
5325794,2
5325804,2
5325808,1
5325809,1
5325817,1
5325819,1
5325821,1
5325823,5
5325824,4
5325826,3
5325831,1
5325832,2
5325833,1
5325835,1
5325838,3
5325839,3
5325840,2
5325841,2
5325842,3
5325844,3
5325845,1
5325846,3
5325847,1
5325849,2
5325850,3
5325852,2
5325854,3
5325855,1
5325857,3
5325859,1
5325860,2
5325861,3
5325862,1
5325865,1
5325867,2
5325879,48
5325893,2
5325894,4
5325896,1
5325900,1
5325902,1
5325903,4
5325904,1
5325910,2
5325915,4
5325917,2
5325918,1
5325919,4
5325920,4
5325923,1
5325924,1
5325925,3
5325934,1
5325936,2
5325937,2
5325938,1
5325941,2
5325943,3
5325947,2
5325948,1
5325949,4
5325995,1
5325998,1
5326001,3
5326002,1
5326008,2
5326010,4
5326011,4
5326013,3
5326021,1
5326124,3
5326125,4
5326126,4
5326128,6
5326129,3
5326130,1
5326131,1
5326132,1
5326134,3
5326135,3
5326136,2
5326138,1
5326468,2
5327116,1
5327117,3
5327118,2
5327121,1
5327182,3
5327299,1
5327301,1
5327302,3
5327303,4
5327305,3
5327306,1
5327307,3
5327308,3
5327309,4
5327311,5
5327312,3
5327667,1
5327727,2
5327728,4
5327731,1
5327734,1
5327735,3
5327942,1
5328054,1
5328055,1
5328057,1
5328058,2
5328060,2
5328062,3
5328456,5
5328494,1
5328695,4
5328696,1
5328698,3
5328699,2
5328700,1
5328797,5
5329198,3
5329538,3
5329724,1
5329794,1
5329797,1
5329801,1
5329803,1
5329804,1
5329805,2
5329806,1
5329808,1
5329810,1
5329811,4
5329812,1
5329815,3
5329816,2
5329888,24
5329893,2
5329894,1
5329895,1
5329896,5
5329936,2
5330173,1
5331713,1
5331892,1
5332491,17
5332580,4
5332823,1
