team_id,team_display_name,off_eff,def_eff,net_eff,pace,adj_off,adj_def,adj_net_eff,sos_opp_off,sos_opp_def,sos_overall,sos_rank,elo_rating,wins,games,losses,win_pct,composite_score,rank_adj_eff,rank_elo,rank_composite
150,Duke Blue Devils,122.92,93.91,29.02,67.1,130.3206137632067,85.03518168396083,45.285432079245865,118.90815434890749,98.50544540216971,20.40270894673776,18.0,1735.2677766512481,32,34,2,0.9411764705882353,34.40610487218534,2.0,1.0,1.0
12,Arizona Wildcats,120.82,95.69,25.12,71.6,129.623832460741,84.60391055602611,45.01992190471489,119.3720341250912,98.69890896100571,20.673125164085477,15.0,1730.5809804432663,32,34,2,0.9411764705882353,34.03900997452076,3.0,2.0,2.0
130,Michigan Wolverines,120.73,97.08,23.65,71.6,130.50214035876226,84.43439053426626,46.067749824496005,121.73805905067513,97.81251602798498,23.925543022690135,4.0,1714.5646723517596,31,34,3,0.9117647058823529,33.762108529835984,1.0,3.0,3.0
57,Florida Gators,120.27,98.95,21.33,72.46,127.70849952276353,87.07150787058231,40.63699165218122,120.85448826304571,99.7197729448528,21.13471531819292,11.0,1662.6193244563297,26,33,7,0.7878787878787878,28.449462048907094,4.0,15.0,4.0
248,Houston Cougars,118.08,96.78,21.3,65.14,126.7286963970112,86.40908693884799,40.319609458163214,118.87187079570647,98.97441416139091,19.897456634315557,22.0,1663.9199154383612,28,34,6,0.8235294117647058,28.355800500999663,5.0,13.0,5.0
2509,Purdue Boilermakers,124.61,107.11,17.5,65.51,134.35779421505788,95.09520498823575,39.26258922682213,120.78543188953273,97.92501692570491,22.860414963827832,7.0,1649.4920671841119,27,35,8,0.7714285714285715,27.10589797261666,6.0,18.0,6.0
2599,St. John's Red Storm,114.56,98.17,16.39,71.24,123.92719375399854,88.35137544122006,35.57581831277848,117.69405332435069,98.84013448152709,18.85391884282361,29.0,1682.2710609820433,28,34,6,0.8235294117647058,26.901462205491406,11.0,7.0,7.0
2250,Gonzaga Bulldogs,120.81,93.17,27.64,70.65,123.22671656971315,89.0352649383943,34.19145163131884,114.78966946369003,103.09384348192525,11.695825981764777,98.0,1692.7692598495007,30,33,3,0.9090909090909091,26.734188808134455,16.0,5.0,8.0
41,UConn Huskies,116.44,97.94,18.49,66.52,125.18792897024287,88.4686878487687,36.71924112147417,117.33160318520589,98.98845284721052,18.343150337995365,37.0,1666.7516376201665,29,34,5,0.8529411764705882,26.69720244174541,10.0,10.0,9.0
258,Virginia Cavaliers,119.22,100.85,18.37,67.74,126.2702598153134,91.39900422056009,34.87125559475331,117.4322191618197,101.20641597316666,16.225803188653032,69.0,1684.886829692302,29,34,5,0.8529411764705882,26.679969281991752,14.0,6.0,10.0
66,Iowa State Cyclones,119.63,95.82,23.81,68.18,126.95505283804417,88.15439499487164,38.80065784317253,117.14444381574401,99.2890670274861,17.855376788257935,45.0,1642.8526400718893,27,34,7,0.7941176470588235,26.54296092518073,7.0,22.0,11.0
356,Illinois Fighting Illini,125.22,104.05,21.17,67.24,132.8335854319923,94.08407590128526,38.749509530707044,119.24445079619179,99.15140700768734,20.09304378850444,20.0,1622.138986979892,24,32,8,0.75,25.481704114348123,8.0,36.0,12.0
127,Michigan State Spartans,117.1,101.86,15.24,67.28,125.59918989664857,88.78900989893575,36.81017999771282,120.6891615416144,99.67852143723793,21.01064010437647,12.0,1635.4751993996153,25,32,7,0.78125,25.178849968837177,9.0,24.0,13.0
8,Arkansas Razorbacks,122.8,108.81,13.99,73.42,131.1945860816178,96.0009891834079,35.19359689820992,120.52850629515126,100.13171705327026,20.396789241881,19.0,1650.0019719664936,26,34,8,0.7647058823529411,25.096897047429636,12.0,17.0,14.0
158,Nebraska Cornhuskers,114.59,97.16,17.43,67.8,121.76187377561291,87.01086587760156,34.75100789801135,118.29538780763484,100.64675142801569,17.648636379619152,48.0,1633.279059857075,26,32,6,0.8125,24.039456941859427,15.0,26.0,15.0
238,Vanderbilt Commodores,121.22,105.33,15.89,71.32,128.8352856064887,95.04645750879077,33.78882809769793,119.37237689359165,99.96701721329121,19.405359680300442,27.0,1630.3781474068996,26,34,8,0.7647058823529411,23.41332141919395,18.0,27.0,16.0
333,Alabama Crimson Tide,122.17,110.92,11.25,75.16,132.0301581061304,97.05479889178652,34.97535921434387,121.45047649075254,98.56494418856816,22.885532302184377,6.0,1616.2469425780866,23,32,9,0.71875,23.300026736076266,13.0,40.0,17.0
2608,Saint Mary's Gaels,118.45,96.41,22.04,66.49,122.5118950343988,93.13761340143782,29.374281632960987,112.54331445362772,102.69058398154493,9.852730472082785,110.0,1665.2969744370598,27,32,5,0.84375,22.951989538333486,29.0,12.0,18.0
2305,Kansas Jayhawks,110.07,100.86,9.21,68.76,121.35692358701971,88.49964709788222,32.85727648913749,120.35178648641715,96.4268893763195,23.92489711009766,5.0,1615.537062236886,23,33,10,0.696969696969697,22.20549135641304,20.0,41.0,19.0
2641,Texas Tech Red Raiders,117.96,106.42,11.54,68.2,127.77135465912878,93.90022842882348,33.87112623030529,120.77247566756132,98.19622734127199,22.576248326289328,8.0,1605.1472959028956,22,32,10,0.6875,22.192927910297428,17.0,48.0,20.0
328,Utah State Aggies,120.34,102.06,18.28,68.76,125.37878922456717,97.10219215478313,28.276597069784046,114.20338631459471,102.15581509284823,12.047571221746486,96.0,1657.3110837619633,28,34,6,0.8235294117647058,22.00385272299019,32.0,16.0,21.0
153,North Carolina Tar Heels,116.27,103.42,12.85,68.79,124.52855043034158,94.11580897201206,30.41274145832952,117.81289131101008,99.35116963544785,18.46172167556223,35.0,1625.3270298209704,24,32,8,0.75,21.47272222021328,24.0,32.0,22.0
139,Saint Louis Billikens,121.27,96.4,24.86,72.03,124.18977900033659,96.09065973558609,28.0991192647505,109.75924893888083,104.13419595751904,5.625052981361794,149.0,1648.022491932846,28,33,5,0.8484848484848485,21.450684229017547,33.0,20.0,23.0
275,Wisconsin Badgers,118.76,108.71,10.05,69.86,127.96570917255806,97.32202639393057,30.643682778627493,119.40513588876718,98.9693184913618,20.435817397405373,17.0,1621.5274386791023,24,34,10,0.7058823529411765,21.39821332326886,23.0,37.0,24.0
97,Louisville Cardinals,119.19,101.9,17.29,70.97,126.08100774184582,94.21415079529349,31.866856946552332,117.56253222454947,99.39179860418783,18.170733620361645,42.0,1604.6877186169736,23,33,10,0.696969696969697,21.167814404124847,22.0,49.0,25.0
2633,Tennessee Volunteers,116.85,101.88,14.97,68.04,123.97037497856994,90.36490218663408,33.60547279193585,120.26346053639827,100.83291590369339,19.430544632704873,26.0,1585.8574598807354,22,33,11,0.6666666666666666,21.095609390004697,19.0,65.0,26.0
2670,VCU Rams,117.4,103.23,14.17,69.35,123.10373129570355,98.29394826565543,24.809783030048123,112.03977391323764,103.35061425171473,8.689159661522917,121.0,1665.5452448044227,27,34,7,0.7941176470588235,20.6821537552452,45.0,11.0,27.0
252,BYU Cougars,118.46,106.71,11.75,70.71,128.59515886445107,96.64083224221352,31.954326622237545,118.4140710041975,97.66213307627493,20.751937927922572,14.0,1589.7046909950163,23,34,11,0.6764705882352942,20.46239786086959,21.0,61.0,28.0
2390,Miami Hurricanes,118.0,102.86,15.14,69.32,123.58142932795691,96.44468709297185,27.136742234985064,115.21498852027165,101.94435214030048,13.270636379971167,92.0,1630.2215044076022,25,33,8,0.7575757575757576,20.079446337872643,35.0,28.0,29.0
222,Villanova Wildcats,114.78,105.29,9.49,67.22,123.7441926893125,95.30665922807968,28.437533461232817,117.32000161779249,99.71663064201397,17.603370975778514,53.0,1616.6728346520285,24,32,8,0.75,20.052408463217837,30.0,39.0,30.0
26,UCLA Bruins,117.02,106.86,10.16,66.44,126.0552999025525,96.52514448620411,29.530155416348393,118.4198312232894,99.35183961035244,19.06799161293696,28.0,1603.7284687493352,23,34,11,0.6764705882352942,19.951501145640957,26.0,50.0,31.0
2541,Santa Clara Broncos,117.76,105.0,12.76,69.67,124.96502551100626,99.69573201414836,25.269293496857898,112.32951401055222,101.87791130703127,10.451602703520944,106.0,1639.1905863020747,26,34,8,0.7647058823529411,19.594176063532686,41.0,23.0,32.0
194,Ohio State Buckeyes,118.71,108.01,10.7,67.3,127.60586223834018,97.37588061085354,30.229981627486637,118.83517730449907,98.85855626788678,19.976621036612286,21.0,1585.4306163589313,21,33,12,0.6363636363636364,19.38652163168988,25.0,66.0,33.0
228,Clemson Tigers,112.28,101.29,10.99,65.96,119.09901319909872,92.78011889322342,26.318894305875304,116.92170696167176,100.64744474907091,16.27426221260085,68.0,1609.2434990733188,24,34,10,0.7058823529411765,18.621622106603596,36.0,44.0,34.0
96,Kentucky Wildcats,115.66,105.87,9.79,69.78,123.67227138873108,94.20589730584031,29.466374082890766,120.20748316002943,99.7009112678543,20.50657189217512,16.0,1575.2637159974654,21,34,13,0.6176470588235294,18.496372841318653,27.0,78.0,35.0
61,Georgia Bulldogs,120.3,106.31,13.98,74.56,126.39878190813621,98.07327349837057,28.325508409765646,117.20605817083087,101.79330366013082,15.41275451070005,81.0,1584.174452919861,22,32,10,0.6875,18.37147685087588,31.0,69.0,36.0
58,South Florida Bulls,117.7,101.33,16.36,74.53,119.78331508671519,98.0728897255049,21.710425361210298,111.65193937145186,105.14401018777092,6.507929183680954,142.0,1643.841374878305,25,33,8,0.7575757575757576,18.0472814245204,56.0,21.0,37.0
2294,Iowa Hawkeyes,118.35,103.51,14.84,63.64,124.86483660955194,95.41192618341431,29.452910426137635,117.41445806214499,100.41768470781123,16.996773354333765,60.0,1561.2954104109888,21,33,12,0.6363636363636364,17.791225733618255,28.0,93.0,38.0
2628,TCU Horned Frogs,111.44,102.02,9.42,70.45,118.62489918246585,93.2595466879602,25.365352494505657,116.66715410223883,100.38389842305368,16.28325567918513,67.0,1600.3232737207222,22,33,11,0.6666666666666666,17.69883993328894,40.0,53.0,39.0
152,NC State Wolfpack,118.98,108.84,10.15,70.32,126.95009571392788,99.26927011412712,27.680825599800755,118.14611534892373,99.61241332257295,18.53370202635078,34.0,1560.1779805779775,20,33,13,0.6060606060606061,16.84931182879925,34.0,96.0,40.0
21,San Diego State Aztecs,110.49,100.2,10.29,70.8,116.08546874804314,92.48515556819927,23.600313179843866,115.64475890081162,102.01093175000514,13.633827150806487,90.0,1593.5613920340993,22,33,11,0.6666666666666666,16.4782261916269,46.0,56.0,41.0
2006,Akron Zips,123.09,102.35,20.74,71.79,119.62486567887255,104.12744549252666,15.497420186345892,106.90833522831251,110.81784874702214,-3.9095135187096264,347.0,1674.3285380809998,29,34,5,0.8529411764705882,16.465136997222935,86.0,8.0,42.0
245,Texas A&M Aggies,117.56,107.71,9.85,74.24,122.97890560125178,98.03506689944595,24.94383870180583,117.82551220097224,102.96912294984631,14.856389251125922,86.0,1575.2603444879587,21,32,11,0.65625,16.23493657530085,43.0,79.0,43.0
167,New Mexico Lobos,114.25,100.3,13.95,70.55,119.42127339458968,96.14609285766541,23.275180536924267,112.77628228750972,102.84446786374365,9.931814423766069,109.0,1586.3568508453247,23,33,10,0.696969696969697,15.955432810728372,48.0,64.0,44.0
2567,SMU Mustangs,118.75,108.44,10.31,71.24,125.86638267472165,99.79042068420151,26.075961990520142,117.71398858941188,100.30235998392088,17.411628605491,55.0,1545.6399190775087,20,33,13,0.6060606060606061,15.319976949135505,37.0,119.0,45.0
2116,UCF Knights,113.92,110.03,3.89,71.2,123.73781132915596,100.33018020090618,23.407631128249776,117.06765790981973,98.86510477515898,18.20255313466075,40.0,1571.6934953475577,21,32,11,0.65625,15.288490331502773,47.0,81.0,46.0
202,Tulsa Golden Hurricane,122.9,104.89,18.01,69.61,123.1037391837185,105.47602079240406,17.627718391314446,108.9045019149657,106.36237565730718,2.5421262576585173,192.0,1626.6283853263974,26,33,7,0.7878787878787878,15.145278461977092,76.0,31.0,47.0
2132,Cincinnati Bearcats,105.22,97.46,7.76,69.42,113.99895280693902,88.76365339427937,25.235299412659643,116.86412427839679,99.6404562153947,17.223668063002076,59.0,1544.979403443197,18,33,15,0.5454545454545454,14.866619878489674,42.0,121.0,48.0
251,Texas Longhorns,120.15,110.1,10.05,69.75,126.64382019854007,100.74125260232134,25.90256759621873,117.76475893133258,101.31774549555695,16.447013435775645,65.0,1537.4681514234594,18,32,14,0.5625,14.824691369282336,39.0,134.0,49.0
2550,Seton Hall Pirates,105.59,98.48,7.11,66.47,113.12800749317161,89.98466100794238,23.14334648522923,116.0904218928938,100.63983544228468,15.450586450609142,80.0,1561.203394112965,21,33,12,0.6363636363636364,14.631842948262868,49.0,95.0,50.0
193,Miami (OH) RedHawks,124.12,102.62,21.5,73.21,116.9586162369098,107.85629187226678,9.102324364643025,104.59520616894962,112.77706797288685,-8.181861803937238,493.0,1696.469289184932,31,32,1,0.96875,14.374626641568112,113.0,4.0,51.0
2168,Dayton Flyers,108.19,101.31,6.88,68.85,113.29776074055412,94.96030424945634,18.337456491097782,114.01479280511788,103.34883156754417,10.665961237573702,105.0,1602.9856530194172,23,34,11,0.6764705882352942,14.318010896519752,73.0,51.0,52.0
68,Boise State Broncos,113.62,107.35,6.27,68.63,119.94466539286171,98.66794745778031,21.276717935081393,116.11783458226495,102.24528689802032,13.872547684244623,88.0,1570.0640563852119,20,32,12,0.625,14.14156178680129,60.0,84.0,53.0
2272,High Point Panthers,124.36,97.28,27.08,72.29,117.40215636740979,106.47304949785294,10.929106869556847,101.06990271472014,112.82776651256658,-11.75786379784642,598.0,1673.3725419960854,30,34,4,0.8823529411764706,14.133180534582692,101.0,9.0,54.0
201,Oklahoma Sooners,119.73,112.22,7.5,68.9,126.1115604674074,103.11662161408876,22.994938853318644,117.6766830680651,101.53010650719415,16.146576560870948,71.0,1550.1415122314559,19,34,15,0.5588235294117647,14.004545038232115,51.0,110.0,55.0
84,Indiana Hoosiers,116.17,106.9,9.28,67.39,123.0589769209319,98.12558647821777,24.933390442714128,118.11271694787527,100.0451829171661,18.067534030709176,43.0,1530.7087477082562,18,32,14,0.5625,14.002132606769873,44.0,144.0,56.0
142,Missouri Tigers,115.05,109.93,5.11,68.89,122.05454593997383,99.77214830652868,22.282397633445157,117.3550590720629,102.16688699667665,15.18817207538624,83.0,1556.5293657103207,20,32,12,0.625,13.967667102238613,54.0,104.0,57.0
24,Stanford Cardinal,111.86,106.93,4.93,67.95,120.0881525815161,98.51404592647924,21.574106655036857,115.9772425139631,100.17101033853717,15.806232175425926,76.0,1562.1193287513609,20,32,12,0.625,13.893019765086471,57.0,92.0,58.0
2057,Belmont Bruins,118.31,103.93,14.39,70.73,120.18785471857649,105.29358536040063,14.894269358175862,107.11225680260853,106.26297078577508,0.8492860168334433,224.0,1628.418779108852,26,32,6,0.8125,13.868073634530534,92.0,30.0,59.0
259,Virginia Tech Hokies,112.65,107.4,5.25,69.83,120.63715117567004,97.760712567562,22.876438608108046,117.16966171636538,100.86524031377604,16.304421402589334,66.0,1547.2804789985917,19,32,13,0.59375,13.802243253983606,52.0,114.0,60.0
2253,Grand Canyon Lopes,109.01,99.29,9.71,69.26,114.13437516322368,92.69718240536496,21.437192757858725,113.46863325611389,104.06176274489879,9.4068705112151,118.0,1561.2853971142004,20,32,12,0.625,13.78286623463938,59.0,94.0,61.0
2,Auburn Tigers,118.83,113.61,5.22,69.75,127.2109403412254,101.13912039372174,26.071819947503656,121.21620875060509,98.98093143239723,22.23527731820786,9.0,1514.1662363926619,17,33,16,0.5151515151515151,13.74422179338492,38.0,177.0,62.0
52,Florida State Seminoles,111.96,108.43,3.53,71.83,120.47450382853332,99.85026466772078,20.624239160812536,116.18715414285799,100.31212806036277,15.875026082495225,75.0,1559.1600441405237,18,33,15,0.5454545454545454,13.270121787432455,62.0,100.0,63.0
25,California Golden Bears,111.18,104.83,6.35,69.96,116.96165241691249,97.31712838965394,19.64452402725854,114.81663039220804,102.79715466516956,12.019475727038483,97.0,1565.2779091934256,21,32,11,0.65625,13.086157473300549,66.0,89.0,64.0
2377,McNeese Cowboys,117.74,97.55,20.18,68.05,113.35633146234183,103.59849726908354,9.75783419325829,104.29725498620496,110.14868975294983,-5.8514347667448785,408.0,1663.3859352441305,28,33,5,0.8484848484848485,13.048213858835668,105.0,14.0,65.0
2440,Nevada Wolf Pack,111.96,105.68,6.29,67.78,118.43865287433779,99.4978291255708,18.940823748766988,114.09553346542438,101.95450054021799,12.141032925206382,93.0,1568.6252646150795,22,34,12,0.6470588235294118,12.901675105137468,68.0,86.0,66.0
2724,Wichita State Shockers,113.48,102.45,11.03,68.58,115.09608965296155,99.16954098778625,15.926548665175304,111.45907041050944,106.35004013521637,5.109030275293075,156.0,1596.3372605056484,22,33,11,0.6666666666666666,12.780137357870071,85.0,54.0,67.0
277,West Virginia Mountaineers,106.62,100.28,6.34,64.73,113.93871394966725,91.76862954510169,22.170084404565557,116.04030131024265,100.95681617112658,15.083485139116084,84.0,1529.5218485244968,18,32,14,0.5625,12.56113462850762,55.0,147.0,68.0
197,Oklahoma State Cowboys,112.05,111.23,0.81,74.88,121.86601918758365,101.2500468752513,20.615972312332346,117.09726663829585,99.25657358820486,17.840693050090994,46.0,1535.7198703288975,19,33,14,0.5757575757575758,12.093979672611049,63.0,135.0,69.0
36,Colorado State Rams,117.88,110.03,7.86,64.58,122.25059867807218,104.84383810155022,17.40676057652196,113.28771401108497,103.67934575871314,9.608368252371832,114.0,1566.1899190818249,21,33,12,0.6363636363636364,12.012876242352224,78.0,88.0,70.0
239,Baylor Bears,117.74,110.3,7.44,70.04,125.71011954938422,102.62866450746343,23.08145504192079,116.64951620248266,99.01742821991026,17.632087982572404,49.0,1509.1832957448742,16,32,16,0.5,11.999892308204103,50.0,193.0,71.0
2460,Northern Iowa Panthers,109.18,95.44,13.74,64.11,110.44134097330748,94.95276254052123,15.488578432786241,109.33043827519073,105.73747952560713,3.59295874958361,176.0,1579.1901792721226,23,35,12,0.6571428571428571,11.70379817999925,87.0,73.0,72.0
38,Colorado Buffaloes,113.64,112.1,1.54,70.62,122.84779995914916,101.40098085110895,21.446819108040202,117.5877191160534,100.10742885491054,17.480290261142876,54.0,1518.8559736431664,17,32,15,0.53125,11.666208236178422,58.0,170.0,73.0
2244,George Mason Patriots,112.89,104.01,8.88,64.93,115.16318998854574,100.17487905435058,14.988310934195155,110.86106947493576,106.2226285426271,4.638440932308658,162.0,1580.2985475159535,23,32,9,0.71875,11.509082842895252,91.0,71.0,74.0
9,Arizona State Sun Devils,108.2,110.92,-2.72,70.59,118.268707862353,98.2010235888146,20.06768427353839,119.72539511729852,98.86317510234943,20.86222001494908,13.0,1528.391557691276,17,33,16,0.5151515151515151,11.453420021332992,65.0,152.0,75.0
43,Yale Bulldogs,122.38,105.93,16.45,66.9,119.9762508430259,109.28541749156926,10.690833351456632,105.78553239563773,109.14871116683243,-3.3631787711946886,337.0,1620.7580624395641,24,30,6,0.8,11.383319797706523,103.0,38.0,76.0
264,Washington Huskies,111.93,107.35,4.58,68.75,119.4743358521917,97.15877403672705,22.315561815464648,118.94891661964364,100.64743139296681,18.301485226676835,39.0,1503.6320057742694,16,33,17,0.48484848484848486,11.339381196445792,53.0,201.0,77.0
154,Wake Forest Demon Deacons,112.17,109.62,2.55,70.3,119.64127210826106,100.33412547963208,19.307146628628985,118.1114783021268,100.23968937751226,17.871788924614528,44.0,1525.878106427151,17,33,16,0.5151515151515151,10.947478635672038,67.0,159.0,78.0
3084,Utah Valley Wolverines,113.27,96.96,16.31,70.7,111.61903622958656,102.35755116615847,9.261485063428083,103.8635565347115,108.0707250038724,-4.207168469160897,358.0,1623.1126042852452,25,33,8,0.7575757575757576,10.786372745976301,112.0,34.0,79.0
2617,Stephen F. Austin Lumberjacks,114.49,98.97,15.52,66.66,110.64095755485317,104.34610118153932,6.2948563733138485,102.73957007859634,111.4505210596692,-8.710950981072848,514.0,1648.4377373291072,28,33,5,0.8484848484848485,10.569315053112286,134.0,19.0,80.0
77,Northwestern Wildcats,111.99,109.4,2.6,65.55,119.88976084859347,98.86613266976025,21.02362817883322,119.26915007375169,99.69680182843268,19.572348245319017,25.0,1496.5143373739509,15,34,19,0.4411764705882353,10.337530958114154,61.0,218.0,81.0
62,Hawai'i Rainbow Warriors,109.5,96.07,13.43,72.64,108.30899026575871,98.5682583041425,9.740731961616206,105.8260601463351,109.11440721229586,-3.2883470659607634,334.0,1607.920454216326,24,32,8,0.75,10.266388691624408,106.0,45.0,82.0
350,UNC Wilmington Seahawks,114.95,100.96,13.99,67.03,111.37319904527783,103.8601530413866,7.513046003891233,104.68547903354371,111.66890392778049,-6.983424894236766,463.0,1630.1573560851868,26,32,6,0.8125,10.26439080620496,128.0,29.0,83.0
30,USC Trojans,108.49,107.61,0.88,72.43,116.46147645366514,98.02622508343518,18.435251370229963,117.69968285197902,100.39539828194603,17.304284570032994,57.0,1513.7052323742146,18,32,14,0.5625,9.902887303825711,71.0,178.0,84.0
2275,Hofstra Pride,114.44,99.99,14.46,66.07,112.92435609973923,104.60107749918309,8.323278600556137,104.97361211455859,108.12580557030857,-3.1521934557499693,327.0,1611.171387932851,24,34,10,0.7058823529411765,9.720208696920622,119.0,43.0,85.0
45,George Washington Revolutionaries,115.73,104.84,10.89,70.62,119.11061107608667,102.67264443266785,16.437966643418818,110.14107990684161,104.37724762173025,5.763832285111365,148.0,1523.2334624338107,18,33,15,0.5454545454545454,9.380656443399944,82.0,168.0,86.0
2856,California Baptist Lancers,107.45,98.71,8.75,68.21,106.80945022106147,100.99363716674209,5.815813054319378,106.0969920685024,108.02820389775619,-1.9312118292537868,293.0,1624.9416251063883,25,33,8,0.7575757575757576,9.154987782479104,140.0,33.0,87.0
2507,Providence Friars,115.12,113.09,2.03,74.19,123.78319113702582,105.20839313057057,18.574798006455254,116.0601416518453,98.82054405571434,17.239597596130952,58.0,1495.2699100486977,15,33,18,0.45454545454545453,9.050894505662514,69.0,222.0,88.0
135,Minnesota Golden Gophers,110.37,107.09,3.29,63.72,116.47484337411103,98.10347318608527,18.371370188025764,117.60070804556845,101.81784070418746,15.782867341380992,77.0,1496.7918783424402,15,32,17,0.46875,9.025279011134893,72.0,216.0,89.0
2335,Liberty Flames,119.54,107.42,12.12,65.46,117.47478770363988,110.80984271308529,6.664944990554588,105.41422453208384,109.1588153154528,-3.7445907833689502,343.0,1613.7218862778489,25,32,7,0.78125,9.018566809169737,133.0,42.0,90.0
2449,North Dakota State Bison,115.93,100.21,15.72,69.54,110.48810719895843,105.99499025206308,4.493116946895356,103.27130140562808,112.61795241828727,-9.346651012659198,539.0,1634.748556796744,27,34,7,0.7941176470588235,8.983986313284877,143.0,25.0,91.0
99,LSU Tigers,114.95,111.89,3.06,70.5,122.53738426109787,102.25811262397511,20.27927163712276,117.3400880460805,101.16443483391468,16.175653212165813,70.0,1475.570506794936,15,32,17,0.46875,8.918161158308177,64.0,571.0,92.0
2603,Saint Joseph's Hawks,106.86,101.89,4.97,68.59,108.74982681881102,100.13452046092976,8.615306357881252,109.44258496255993,105.99960502632578,3.442979936234152,180.0,1592.1274009324982,22,33,11,0.6666666666666666,8.914023225565535,117.0,59.0,93.0
2086,Butler Bulldogs,111.73,109.06,2.67,71.06,119.24494038362069,101.34336646429054,17.901573919330147,115.98631380310992,100.102216264173,15.884097538936931,74.0,1498.4568353977875,16,32,16,0.5,8.873628729554447,74.0,211.0,94.0
145,Ole Miss Rebels,109.05,109.7,-0.65,69.49,116.15554127668211,97.67773892445432,18.477802352227798,119.74470271066777,101.05638232631999,18.688320384347772,31.0,1489.001836663231,15,35,20,0.42857142857142855,8.688993009275446,70.0,449.0,95.0
46,Georgetown Hoyas,108.68,107.61,1.07,67.75,116.91876273650153,99.88355410077668,17.035208635724857,115.6471785195123,99.60228879019627,16.044889729316033,72.0,1501.2992416406667,16,34,18,0.47058823529411764,8.58256639989576,81.0,204.0,96.0
300,UC Irvine Anteaters,106.9,95.05,11.85,72.21,104.90294977595914,97.19874956842868,7.704200207530462,106.73225279029369,109.06812176642654,-2.3358689761328493,314.0,1593.188950176059,23,34,11,0.6764705882352942,8.511547612568183,124.0,57.0,97.0
156,Creighton Bluejays,109.37,108.98,0.39,68.77,118.2351132790037,100.97111304042235,17.264000238581346,116.70802808521147,98.5251258840258,18.182902201185662,41.0,1496.1019059776295,15,32,17,0.46875,8.437095418172147,79.0,219.0,98.0
71,Bradley Braves,110.62,104.46,6.17,70.2,113.21023854526612,103.48172207060402,9.7285164746621,108.31592706515796,105.86151058950419,2.454416475653771,193.0,1571.2378673608198,21,33,12,0.6363636363636364,8.42615160537204,107.0,82.0,99.0
2287,Illinois State Redbirds,110.71,101.44,9.26,67.66,111.44360583764326,100.36257645730859,11.08102938033467,109.80643158819916,106.81651847489977,2.9899131132993957,186.0,1554.5011997560468,20,32,12,0.625,8.265574677969678,100.0,105.0,100.0
2166,Davidson Wildcats,110.14,103.04,7.1,65.28,112.48562326120953,101.19561104542863,11.29001221578089,109.94820762184423,104.92130352418023,5.026904097663993,157.0,1551.1921265384549,20,33,13,0.6060606060606061,8.204612434813189,98.0,109.0,101.0
2751,Wyoming Cowboys,113.91,108.2,5.71,67.56,117.1992325238449,103.54342480987718,13.655807713967718,113.14572265668787,104.67342199923436,8.472300657453511,124.0,1525.9680467153155,18,32,14,0.5625,8.126306192749635,94.0,158.0,102.0
183,Syracuse Orange,108.45,107.49,0.96,69.12,117.115785710574,99.6761254376415,17.4396602729325,115.64736245345937,99.66817430002187,15.979188153437484,73.0,1487.5491124483174,15,32,17,0.46875,8.09728575888212,77.0,480.0,103.0
2426,Navy Midshipmen,113.44,96.62,16.83,65.93,107.08315747562624,104.10394231158105,2.9792151640451863,100.75019540499869,113.558026637457,-12.807831232458314,614.0,1622.7028028167779,26,33,7,0.7878787878787878,7.624747722861487,150.0,35.0,104.0
305,DePaul Blue Demons,103.52,102.9,0.62,67.73,110.38700405523718,95.24074168886867,15.146262366368518,115.06839527719508,101.75299836259899,13.315396914596091,91.0,1499.6335363099843,16,32,16,0.5,7.554807998683472,90.0,208.0,105.0
2752,Xavier Musketeers,109.42,112.18,-2.76,71.75,119.70203070974706,103.38544828378753,16.31658242595954,116.14113985668531,98.33274313151415,17.80839672517115,47.0,1486.994938877628,15,33,18,0.45454545454545453,7.508038156861174,83.0,483.0,106.0
2439,UNLV Rebels,111.11,109.96,1.15,71.46,116.85265873095403,104.78494246676003,12.067716264194004,113.19797872393855,102.31910568923807,10.878873034700478,102.0,1529.0527568582886,17,33,16,0.5151515151515151,7.486495975011432,96.0,149.0,107.0
269,Marquette Golden Eagles,106.09,106.78,-0.69,70.91,114.4526665261875,96.7121367323393,17.740529793848197,117.60023023518056,99.99301541710604,17.607214818074524,52.0,1470.9171056207786,12,32,20,0.375,7.416120177963026,75.0,585.0,108.0
5,UAB Blazers,110.61,102.85,7.77,71.68,111.06688596218531,102.42201811751941,8.644867844665896,108.85516992566484,107.18551718137174,1.6696527442931068,205.0,1559.8878320511556,20,32,12,0.625,7.316825524890726,116.0,98.0,109.0
2534,Sam Houston Bearkats,115.8,104.22,11.58,71.09,113.67494854995746,106.90165682365385,6.773291726303611,106.83006572344603,108.82215863535754,-1.9920929119115167,296.0,1577.0903893976185,22,33,11,0.6666666666666666,7.241165333032733,132.0,77.0,110.0
2900,St. Thomas-Minnesota Tommies,118.21,102.25,15.95,70.03,112.92612640071253,107.60513206810928,5.320994332603249,103.33896281914149,112.54632727067647,-9.207364451534982,533.0,1591.3791284240783,24,33,9,0.7272727272727273,7.229453587505541,141.0,60.0,111.0
2309,Kent State Golden Flashes,114.6,107.53,7.07,74.15,111.83337796399738,108.0594309389388,3.7739470250585754,107.50524267101918,110.74664359718614,-3.241400926166972,329.0,1602.05621991055,24,33,9,0.7272727272727273,6.989784508056788,148.0,52.0,112.0
87,Notre Dame Fighting Irish,109.74,111.36,-1.62,67.74,118.51863900751208,101.3407330183257,17.177905989186385,116.75655381704706,99.9925140872952,16.76403972975185,62.0,1467.872689395848,13,31,18,0.41935483870967744,6.982587464385595,80.0,608.0,113.0
2547,Seattle U Redhawks,103.4,96.99,6.41,69.31,104.0015404537525,94.57231822037858,9.42922223337392,110.82930434773452,107.01089045686099,3.818413890873533,174.0,1543.2148280046517,20,33,13,0.6060606060606061,6.875352516919547,110.0,124.0,114.0
28,UC San Diego Tritons,108.23,100.78,7.45,69.83,107.37314593989055,101.41320047935005,5.959945460540496,107.03137045354323,109.30954729707781,-2.278176843534574,305.0,1572.6104649880112,23,34,11,0.6764705882352942,6.6104959796708105,138.0,80.0,115.0
2483,Oregon Ducks,105.76,111.15,-5.4,66.75,115.63426482893614,99.39784641270013,16.236418416236006,118.88952557200803,99.06518707559465,19.824338496413375,23.0,1462.8780471742296,12,32,20,0.375,6.26211156682948,84.0,616.0,116.0
221,Pittsburgh Panthers,108.08,110.8,-2.72,65.03,116.02834910301476,101.750148877045,14.278200225969755,117.01500649644926,100.07135754763603,16.943648948813223,61.0,1478.4225330236336,13,33,20,0.3939393939393939,6.060226764166558,93.0,559.0,117.0
82,UIC Flames,110.54,102.73,7.8,68.21,110.00374025952722,102.37839197681448,7.625348282712736,108.85960875569228,107.9676431086673,0.8919656470249798,221.0,1544.0205032296064,19,34,15,0.5588235294117647,6.01369930283669,127.0,123.0,118.0
2184,Duquesne Dukes,110.21,106.6,3.61,70.79,112.96354863984139,104.13911748795381,8.82443115188758,110.10040128175424,105.44622837147966,4.654172910274584,161.0,1531.631037765476,18,33,15,0.5454545454545454,5.993767464217595,115.0,142.0,119.0
93,Murray State Racers,115.68,110.26,5.43,72.27,116.69699460643902,109.06467752742637,7.632317079012651,109.5972170705179,106.30610683426258,3.2911102362553173,183.0,1542.51431394827,20,32,12,0.625,5.941874236919825,126.0,127.0,120.0
2750,Wright State Raiders,116.63,105.92,10.71,69.28,111.30170292561465,108.8678301114721,2.4338728141425463,106.30392505385123,112.66458105753375,-6.360656003682508,434.0,1593.6361779501622,23,34,11,0.6764705882352942,5.898745304579381,151.0,55.0,121.0
2579,South Carolina Gamecocks,108.98,111.22,-2.24,68.76,115.79438029822455,100.44128374493192,15.35309655329263,117.74245164677937,102.43418362353452,15.308268023244848,82.0,1462.2571544691311,13,32,19,0.40625,5.789406000102872,89.0,618.0,122.0
2306,Kansas State Wildcats,107.73,110.94,-3.21,73.82,116.53072169599002,101.16407668888135,15.366645007108673,117.89076378723391,99.27569704372964,18.61506674350428,32.0,1455.231898067416,12,32,20,0.375,5.44491740692514,88.0,631.0,123.0
249,North Texas Mean Green,104.16,99.15,5.02,68.05,104.54361119619166,97.6503939519745,6.893217244217169,109.85069721486305,107.5280863063648,2.3226109084982514,196.0,1538.4483796731017,19,33,14,0.5757575757575758,5.369027605763671,131.0,132.0,124.0
2539,San Francisco Dons,110.74,107.91,2.83,67.61,114.60317036158796,105.17922269615998,9.423947665427974,111.60287916684094,103.77384268520905,7.829036481631891,133.0,1512.9897297598675,17,33,16,0.5151515151515151,5.361460320707361,111.0,179.0,125.0
232,Charleston Cougars,108.99,106.42,2.57,69.07,108.2541556373599,106.28378551200895,1.9703701253509536,107.30840815329799,109.47170116197516,-2.1632930086771753,298.0,1584.5455644823776,21,32,11,0.65625,5.212463286794356,156.0,67.0,126.0
279,Pacific Tigers,110.27,103.65,6.62,66.16,110.88756214980681,102.61923167349876,8.268330476308051,110.33302279349115,105.9891800951731,4.343842698318048,169.0,1518.6176127674435,18,33,15,0.5454545454545454,5.065045876526199,120.0,171.0,127.0
2653,Troy Trojans,113.77,103.14,10.63,70.71,110.28102233367407,108.02013082283116,2.26089151084291,104.48130883018115,110.3754143784664,-5.894105548285246,409.0,1577.7247133026563,22,33,11,0.6666666666666666,5.016681420554268,153.0,75.0,128.0
2226,Florida Atlantic Owls,110.5,104.46,6.04,71.17,111.45764555558704,103.40589592815631,8.051749627430723,109.88040764220294,106.3672391686454,3.5131684735575357,178.0,1519.3134376059922,18,33,15,0.5454545454545454,4.991546694014974,122.0,169.0,129.0
344,Mississippi State Bulldogs,107.14,113.42,-6.28,72.29,114.80039673032238,101.70161586521179,13.098780865110584,119.18413088133778,100.63767590128106,18.546454980056712,33.0,1466.9325638937871,13,32,19,0.40625,4.896018627244648,95.0,611.0,130.0
2110,Central Arkansas Bears,113.68,105.4,8.29,71.01,108.73256972202871,107.10224285013166,1.6303268718970543,106.83889055842073,113.29487332109797,-6.45598276267724,437.0,1578.6599117809885,22,34,12,0.6470588235294118,4.748159024997953,158.0,74.0,131.0
2737,Winthrop Eagles,115.77,104.17,11.6,72.35,110.74872393717587,110.03227536481961,0.7164485723562564,103.7850605371657,111.46874094280605,-7.683680405640352,483.0,1587.7766922971095,23,34,11,0.6764705882352942,4.747058901033606,169.0,62.0,132.0
2193,East Tennessee State Buccaneers,115.5,102.42,13.08,67.42,109.7430164232235,107.3488749577954,2.394141465428092,104.16106644841209,113.43412149829031,-9.273055049878216,537.0,1570.762388855853,23,34,11,0.6764705882352942,4.735190175506697,152.0,83.0,133.0
2523,Robert Morris Colonials,114.89,106.19,8.7,67.64,110.04713687535889,108.45496051188881,1.5921763634700739,106.1302335823174,112.85444154542691,-6.724207963109508,445.0,1577.4420379006092,22,33,11,0.6666666666666666,4.668190076765496,160.0,76.0,134.0
2649,Toledo Rockets,116.07,109.62,6.45,69.83,114.17574891408037,109.6265240404606,4.549224873619778,108.21942383718148,109.81482528550286,-1.5954014483213736,283.0,1545.6592691969945,19,34,15,0.5588235294117647,4.557575896659614,142.0,118.0,135.0
164,Rutgers Scarlet Knights,104.76,111.87,-7.11,67.26,113.26522121841053,102.55074849552261,10.714472722887919,116.72663535791499,100.11173211792382,16.61490323999116,63.0,1481.7142960231656,14,33,19,0.42424242424242425,4.44295116260224,102.0,497.0,136.0
219,Pennsylvania Quakers,109.14,104.43,4.72,69.97,106.83608194799268,105.066445015605,1.7696369323876837,108.04239688406014,109.17308188426946,-1.1306850002093427,270.0,1569.4119475988994,18,29,11,0.6206896551724138,4.3554158461388095,157.0,85.0,137.0
204,Oregon State Beavers,105.9,110.17,-4.27,67.23,111.76579986641758,105.72052782819739,6.04527203822019,111.54128911423561,103.40690409525709,8.134385018978511,129.0,1524.9150498246154,17,33,16,0.5151515151515151,4.2683885103408645,137.0,163.0,138.0
79,Southern Illinois Salukis,103.45,98.4,5.05,70.63,104.97255664679993,97.74771763307317,7.224839013726765,108.70164698431891,105.98599657781453,2.7156504065043876,190.0,1512.1097358283146,16,32,16,0.5,4.217906298279111,130.0,182.0,139.0
338,Kennesaw State Owls,114.6,103.9,10.7,72.97,110.67951415525546,108.54750578608663,2.1320083691688296,105.48103992342642,109.50444393409211,-4.023404010665677,352.0,1560.1517171802898,21,34,13,0.6176470588235294,4.073590043598903,155.0,97.0,140.0
2378,UMBC Retrievers,113.1,99.27,13.83,67.44,106.49792796877551,108.91489177185758,-2.4169638030820693,98.65540581170295,114.10596100442201,-15.450555192719063,659.0,1605.5367153415018,24,32,8,0.75,4.068353865534055,207.0,46.0,141.0
2230,Fordham Rams,106.06,99.17,6.89,65.93,106.31965551117518,100.19651871293263,6.123136798242555,107.17429284629429,107.39686527993454,-0.2225724336402597,247.0,1518.385776187458,17,32,15,0.53125,3.9808572084941813,135.0,173.0,142.0
179,St. Bonaventure Bonnies,112.27,109.72,2.55,67.94,115.86461638164494,107.7436949782734,8.12092140337154,109.72606802750474,104.28662642175725,5.439441605747479,152.0,1495.83673473849,17,34,17,0.5,3.8522974386102646,121.0,220.0,143.0
2046,Austin Peay Governors,114.69,103.33,11.36,71.0,107.09742953014495,107.5329514499169,-0.43552191977194354,105.43566168130307,114.53725618282753,-9.101594501524442,529.0,1579.23156140157,22,31,9,0.7096774193548387,3.743817110192525,180.0,72.0,144.0
47,Howard Bison,110.49,96.44,14.04,70.18,104.14224737800377,105.23352292620426,-1.0912755482004854,99.17427982882938,114.43099521397967,-15.256715385150292,656.0,1584.5146708035513,23,33,10,0.696969696969697,3.680095766077324,187.0,68.0,145.0
227,Rhode Island Rams,104.65,102.86,1.78,66.53,107.24533165480024,99.5725544846639,7.672777170136342,110.55380172061963,105.69308408543019,4.860717635189449,158.0,1496.6798426821815,16,32,16,0.5,3.670380719177247,125.0,217.0,146.0
2674,Valparaiso Beacons,106.85,105.56,1.29,67.53,108.56813283349777,104.48670472515158,4.081428108346188,108.60665346829184,106.60507270528018,2.001580763011661,202.0,1528.7852393055314,18,33,15,0.5454545454545454,3.479976019449663,145.0,150.0,147.0
98,Western Kentucky Hilltoppers,110.36,106.37,3.99,71.7,109.46453844376104,105.29247665583244,4.172061787928598,108.39626464130932,109.50187986463759,-1.105615223328273,269.0,1527.46650622146,18,32,14,0.5625,3.459356205037294,144.0,155.0,148.0
2771,Merrimack Warriors,106.19,103.43,2.76,64.4,104.60967468702593,107.08878393395212,-2.4791092469261855,103.74018272257695,109.7876462117574,-6.0474634891804575,419.0,1592.9560195621823,23,34,11,0.6764705882352942,3.408246354646022,208.0,58.0,149.0
235,Memphis Tigers,104.38,106.78,-2.39,71.94,109.71139674573918,100.27495381139961,9.436442934339567,113.8964383934291,103.1804408865816,10.715997506847511,103.0,1470.8368358116736,13,32,19,0.40625,3.260063257753464,109.0,586.0,150.0
120,Maryland Terrapins,104.05,114.43,-10.38,66.95,113.8229335904531,102.72362814681718,11.099305443635927,118.86295876524169,99.26462883808541,19.598329927156268,24.0,1451.4736914581808,12,33,21,0.36363636363636365,3.1233372947270057,99.0,635.0,151.0
2032,Arkansas State Red Wolves,112.84,105.57,7.28,73.34,109.32714379249002,108.47894050144598,0.8482032910440438,105.38535018400081,111.34622812322645,-5.960877939225631,412.0,1552.0958977624143,20,32,12,0.625,3.028896533642738,166.0,107.0,152.0
2561,Siena Saints,109.35,101.78,7.58,64.51,105.86444643671594,108.1897017912741,-2.3252553545581662,101.56898343424123,111.41609570976212,-9.847112275520889,552.0,1582.5885291081747,23,34,11,0.6764705882352942,2.966798778129653,206.0,70.0,153.0
189,Bowling Green Falcons,111.97,99.72,12.25,72.19,107.35675540593215,103.33112539340061,4.025630012531536,105.38471388045592,111.73377170998229,-6.3490578295263775,432.0,1518.5508770857482,18,32,14,0.5625,2.940358860553178,146.0,172.0,154.0
2729,William & Mary Tribe,112.95,104.83,8.12,73.87,109.21684941057536,108.15018495539566,1.0666644551797049,106.05879839417767,110.3058605049187,-4.2470621107410365,361.0,1547.3762858000027,20,32,12,0.625,2.902146517589989,162.0,113.0,155.0
278,Fresno State Bulldogs,104.87,104.91,-0.05,69.43,109.2500748305706,99.65956725164986,9.590507578920736,112.9449167458961,104.0844597349084,8.860457010987695,120.0,1460.500199802353,13,32,19,0.40625,2.820263779578023,108.0,622.0,156.0
2502,Portland State Vikings,109.22,100.28,8.94,70.14,102.98906117671648,102.55738343845637,0.431677738260106,106.15179080109861,113.41682335659343,-7.265032555494818,472.0,1551.3353115689583,20,31,11,0.6451612903225806,2.7826044475779694,172.0,108.0,157.0
292,UT Rio Grande Valley Vaqueros,112.8,102.92,9.88,67.41,108.55433662652612,107.80714132676177,0.747195299764357,104.37474134379045,110.47658126557204,-6.101839921781589,421.0,1547.0963243847702,19,33,14,0.5757575757575758,2.7284138691206907,167.0,115.0,158.0
2634,Tennessee State Tigers,111.49,101.5,9.98,72.25,105.79696789006849,110.90878905762915,-5.111821167560663,99.16204473987315,112.94505361561575,-13.783008875742594,634.0,1605.1727630306516,23,32,9,0.71875,2.702727567752248,231.0,47.0,159.0
231,Furman Paladins,113.29,104.66,8.63,67.43,106.7720077852144,108.31281855436454,-1.5408107691501414,104.66005952284448,114.47347698055925,-9.81341745771479,551.0,1566.7560457722734,22,34,12,0.6470588235294118,2.5673969040386,194.0,87.0,160.0
2429,Charlotte 49ers,111.95,112.88,-0.92,65.69,114.3320405748466,110.38998493397196,3.942055640874642,110.39169697501148,105.71270735777834,4.678989617233138,160.0,1510.7153532226298,17,34,17,0.5,2.506795481568811,147.0,185.0,161.0
2540,UC Santa Barbara Gauchos,113.47,105.87,7.6,68.55,113.10591151943746,109.97099165599035,3.1349198634471094,104.76208475825186,107.7054588755235,-2.9433741172716386,322.0,1515.912757611731,18,32,14,0.5625,2.363097812310103,149.0,176.0,162.0
218,Temple Owls,112.28,107.38,4.9,65.87,113.64191575275801,107.81250078750756,5.82941496525045,107.76194448024758,106.46153968670059,1.3004047935469827,213.0,1488.3196569832078,16,32,16,0.5,2.330690331785614,139.0,475.0,163.0
302,UC Davis Aggies,107.25,103.65,3.6,72.42,107.63709480345983,106.03779181653437,1.5993029869254656,106.07412850421217,107.72282468665182,-1.6486961824396438,285.0,1530.5556401146644,19,33,14,0.5757575757575758,2.3274334991959504,159.0,145.0,164.0
119,Towson Tigers,106.67,101.96,4.71,64.88,103.98041517737872,103.49102605462046,0.4893891227582543,107.24043743449808,109.53519149772379,-2.2947540632257204,310.0,1541.6079143264183,19,34,15,0.5588235294117647,2.3250902777000406,171.0,128.0,165.0
2458,Northern Colorado Bears,116.33,107.35,8.99,71.11,110.81985513497638,110.86514925686807,-0.045294121891686245,105.69903652447681,112.54746257290792,-6.8484260484311115,453.0,1546.343581148174,20,32,12,0.625,2.2945319964628594,177.0,116.0,166.0
2511,Queens University Royals,119.02,115.72,3.29,71.5,115.18758875759265,116.89323040266336,-1.7056416450707133,107.45951033529094,111.92217930624221,-4.4626689709512615,365.0,1562.479620723703,21,34,13,0.6176470588235294,2.2711602136497917,196.0,91.0,167.0
103,Boston College Eagles,100.27,104.47,-4.19,67.45,106.22007649741425,97.24060329968079,8.97947319773347,114.78997594280631,102.65293814123281,12.13703780157349,94.0,1454.4537221367386,11,31,20,0.3548387096774194,2.2124227057036663,114.0,633.0,168.0
213,Penn State Nittany Lions,109.45,117.36,-7.91,67.46,117.43073677859176,107.154076665255,10.27666011333676,117.59051509000261,100.98936382483609,16.60115126516652,64.0,1440.9972957456378,12,32,20,0.375,2.188194843950268,104.0,649.0,169.0
112358,Long Island University Sharks,108.71,103.63,5.08,68.39,104.25109642562572,108.65830560374074,-4.407209178115025,102.99919436534078,111.90819343831788,-8.908999072977084,521.0,1586.8838721377115,24,34,10,0.7058823529411765,2.140589017828061,225.0,63.0,170.0
257,Richmond Spiders,111.21,107.44,3.77,68.9,113.29006164494153,105.97763192224544,7.312429722696095,109.24572893476285,106.35695776664464,2.8887711681182187,188.0,1469.319302644078,15,32,17,0.46875,2.1221799935519527,129.0,602.0,171.0
108,Harvard Crimson,108.41,102.62,5.78,64.81,105.16701741723152,105.38800739573209,-0.2209899785005689,105.62330139249167,110.51824288408092,-4.894941491589239,378.0,1542.8245846326406,17,29,12,0.5862068965517241,2.030734242381746,179.0,126.0,172.0
254,Utah Utes,108.5,116.14,-7.64,68.31,117.79577307671255,105.93251134533256,11.863261731379993,117.71616642972073,99.28699084657508,18.429175583145657,36.0,1421.46991422578,10,32,22,0.3125,2.0051265769789977,97.0,682.0,173.0
2393,Middle Tennessee Blue Raiders,109.64,105.7,3.94,68.83,109.0172168649878,106.8799571399764,2.137259725011404,107.93604601857011,107.56657579571842,0.3694702228516933,234.0,1518.3030073944408,17,32,15,0.53125,1.9837802322277411,154.0,174.0,174.0
2463,Cal State Northridge Matadors,106.91,105.57,1.33,75.85,107.62424171827169,108.19026416343993,-0.5660224451682438,105.24388961847788,107.45075167361024,-2.2068620551323685,302.0,1544.7175927130547,20,34,14,0.5882352941176471,1.9528684130686145,183.0,122.0,175.0
2239,Cal State Fullerton Titans,109.25,106.75,2.5,76.26,108.14394213915577,108.1587048675322,-0.014762728376425116,107.72291383045487,107.96036151024451,-0.2374476797896275,249.0,1538.7477489921744,18,34,16,0.5294117647058824,1.9300060854205057,176.0,131.0,176.0
2351,Loyola Marymount Lions,106.57,104.22,2.35,69.41,107.85406048153905,101.74500133547475,6.109059146064297,110.31971983317277,106.94281932516806,3.3769005080047094,181.0,1476.5699070670184,15,32,17,0.46875,1.883024926383071,136.0,569.0,177.0
70,Idaho Vandals,113.17,103.48,9.69,69.82,107.00304642848734,108.23187129929482,-1.228824870807486,105.59011727538247,112.29528228450445,-6.70516500912198,444.0,1549.21453043707,21,35,14,0.6,1.8463140864497531,192.0,111.0,178.0
147,Montana State Bobcats,114.78,104.5,10.28,68.1,109.24569510249825,108.07635469027068,1.1693404122275695,106.46709619539867,111.48403253921792,-5.01693634381926,383.0,1525.1242805667507,18,32,14,0.5625,1.8408842344513203,161.0,161.0,179.0
2348,Louisiana Tech Bulldogs,105.5,99.21,6.29,65.87,102.51171872261916,103.58406126170792,-1.0723425390887513,104.71832947783274,110.48057799486845,-5.7622485170357205,402.0,1545.5701875288605,20,34,14,0.5882352941176471,1.74233810689865,186.0,120.0,180.0
2405,Monmouth Hawks,107.05,103.17,3.88,68.28,105.01738926456746,106.18967212681564,-1.1722828622481813,105.69698899396859,108.89280721024326,-3.195818216274681,328.0,1545.7920153849561,19,34,15,0.5588235294117647,1.7034593381237157,189.0,117.0,181.0
265,Washington State Cougars,110.36,111.58,-1.22,69.2,115.38993946199797,107.58610549389594,7.803833968102026,112.37164436985867,102.5767735545015,9.794870815357164,111.0,1455.2557601778365,12,32,20,0.375,1.6647049929428364,123.0,630.0,182.0
6,South Alabama Jaguars,111.12,102.86,8.26,67.5,105.70778756835585,108.99023150474696,-3.282443936391104,102.87811282736662,111.88075065566984,-9.002637828303222,525.0,1557.2993359027078,21,32,11,0.65625,1.2237448269398357,215.0,102.0,183.0
276,Marshall Thundering Herd,114.99,110.01,4.98,70.74,111.75351273165593,112.90841593678704,-1.154903205131106,105.91896659450407,110.57361127461284,-4.6546446801087775,367.0,1533.439482874279,19,32,13,0.59375,1.0945225411484003,188.0,140.0,184.0
2655,Tulane Green Wave,105.34,109.91,-4.57,68.73,108.71036600642421,108.3189651489622,0.3914008574620027,108.6898492012022,105.14472209359857,3.5451271076036384,177.0,1516.306586992607,18,33,15,0.5454545454545454,1.0110297783613504,174.0,175.0,185.0
94,Northern Kentucky Norse,114.94,107.08,7.86,72.34,108.4498783498085,109.51713223436897,-1.067253884560472,106.46810543235057,114.60584097468927,-8.13773554233871,492.0,1529.9274250570943,20,34,14,0.5882352941176471,0.9627443105744788,185.0,146.0,187.0
59,Georgia Tech Yellow Jackets,102.71,107.62,-4.91,71.88,109.97736182215195,101.6481733752247,8.329188446927247,113.61325900510339,101.54670326921735,12.066555735886038,95.0,1434.7020988625713,11,31,20,0.3548387096774194,0.8996991665921912,118.0,662.0,188.0
2026,App State Mountaineers,110.98,101.71,9.27,64.93,104.82294606251124,106.79550034323367,-1.9725542807224343,104.33920141803564,112.56102070528723,-8.221819287251595,494.0,1534.2455835980227,19,32,13,0.59375,0.7260020395399167,200.0,139.0,189.0
250,UT Arlington Mavericks,102.8,97.84,4.96,68.13,100.62640366109618,101.81466619926063,-1.1882625381644516,105.30972191509436,108.63919471355668,-3.3294727984623185,335.0,1526.2191267909523,18,32,14,0.5625,0.7168250704653871,191.0,157.0,190.0
2382,Mercer Bears,116.57,106.48,10.08,70.92,111.128024332689,112.88151796245545,-1.753493629766453,103.66399189691289,112.23417954292071,-8.57018764600782,510.0,1530.7455957491964,19,32,13,0.59375,0.6605329725765912,198.0,143.0,191.0
172,Cornell Big Red,122.18,113.98,8.2,72.78,118.06113253832042,119.23765145527838,-1.17651891695796,105.11411149492928,109.85893348390184,-4.744821988972561,374.0,1524.4169652094636,15,28,13,0.5357142857142857,0.6325888019941985,190.0,165.0,192.0
166,New Mexico State Aggies,108.89,104.55,4.33,68.9,109.17359294082954,108.29482571299617,0.8787672278333645,105.36389116352171,107.57626343390926,-2.212372270387554,303.0,1501.6929971178831,16,32,16,0.5,0.5240334698108384,165.0,203.0,193.0
2368,Marist Red Foxes,104.8,95.13,9.67,66.8,98.60500832970398,101.5235940676134,-2.9185857379094244,102.58640776305268,112.72303935255563,-10.136631589502954,565.0,1539.6368760887092,19,31,12,0.6129032258064516,0.5225509354807472,211.0,130.0,194.0
113,Massachusetts Minutemen,110.01,106.98,3.04,72.76,108.4574091379436,108.66475842200876,-0.20734928406515962,106.44232009778943,109.51602466512429,-3.0737045673348704,326.0,1506.7577838360635,17,33,16,0.5151515151515151,0.23421454977059425,178.0,198.0,195.0
3101,Utah Tech Trailblazers,109.42,105.45,3.98,70.64,107.86231386837242,111.81319369910847,-3.950879830736042,103.5506120117982,107.60767402499353,-4.057062013195337,353.0,1540.8434711181526,19,34,15,0.5588235294117647,0.06673364053960862,220.0,129.0,197.0
261,Vermont Catamounts,112.26,104.66,7.61,65.44,105.61584039143729,111.63023289607177,-6.014392504634486,100.92800532813123,114.03922166290266,-13.111216334771441,617.0,1558.3661788479014,22,34,12,0.6470588235294118,-0.0888873099221712,243.0,101.0,198.0
288,Lipscomb Bisons,112.08,106.21,5.87,71.18,105.92771032316374,109.01918295986307,-3.0914726366993364,106.67083020143524,113.4332595104772,-6.7624293090419645,448.0,1527.9005109065542,19,32,13,0.59375,-0.1507107730219559,213.0,154.0,199.0
2473,Oakland Golden Grizzlies,115.32,114.83,0.49,71.36,113.99756765607994,114.52186116921449,-0.5242935131345519,109.23508077014131,108.8438868457121,0.3911939244292095,233.0,1500.315029343964,16,32,16,0.5,-0.24639528936907878,182.0,206.0,200.0
256,James Madison Dukes,110.28,109.61,0.67,67.49,108.71610462836621,112.29814506191362,-3.582040433547405,104.78627173163065,109.9752022044763,-5.1889304728456525,389.0,1528.2237148792053,18,33,15,0.5454545454545454,-0.37983447281343663,218.0,153.0,201.0
2229,Florida International Panthers,109.8,105.67,4.14,73.56,107.82704128004808,107.46757155330327,0.3594697267448055,106.54200677818636,109.56809434854937,-3.0260875703629995,324.0,1488.7911889090403,15,32,17,0.46875,-0.38070569117558084,175.0,460.0,202.0
2535,Samford Bulldogs,113.38,108.35,5.03,69.54,107.71125069530291,111.9748953924747,-4.263644697171799,105.20414495787867,113.47068308716312,-8.266538129284454,495.0,1534.3678911891716,18,32,14,0.5625,-0.4134277891273199,224.0,138.0,203.0
149,Montana Grizzlies,108.34,105.02,3.32,71.16,105.18356929110428,107.47703519451261,-2.2934659034083325,106.21398911768041,110.80203802857841,-4.5880489108979985,366.0,1512.9018912856138,18,34,16,0.5294117647058824,-0.5016383874234748,204.0,180.0,204.0
171,Columbia Lions,112.23,105.34,6.89,68.17,107.5495923475194,109.72901335735484,-2.179421009835451,104.60916066800495,111.28243017786171,-6.6732695098567705,443.0,1511.0275601648555,16,28,12,0.5714285714285714,-0.5383324966749526,202.0,183.0,205.0
2630,UT Martin Skyhawks,104.02,93.86,10.16,67.2,97.87520134774384,104.70134176899592,-6.826140421252077,98.81230668338802,112.82498690791476,-14.012680224526747,640.0,1554.4271189458102,22,33,11,0.6666666666666666,-0.6917142633355282,248.0,106.0,206.0
2572,Southern Miss Golden Eagles,106.0,105.0,1.0,70.41,103.85697486116045,108.85165251933743,-4.9946776581769825,104.4688909557664,109.96648298193521,-5.497592026168802,397.0,1534.7453421514194,19,35,16,0.5428571428571428,-0.7600717215175194,229.0,137.0,207.0
326,Texas State Bobcats,107.99,103.19,4.8,68.61,103.02042819718066,108.90539583970525,-5.884967642524586,102.82646972801622,112.16415474937334,-9.337685021357109,538.0,1543.14610221272,19,32,13,0.59375,-0.7851787106262904,240.0,125.0,208.0
2514,Quinnipiac Bobcats,106.47,102.4,4.07,70.52,103.12144894708194,107.31634016922163,-4.194891222139688,102.46946881235573,110.88140905670473,-8.411940244349001,504.0,1525.245344073093,19,32,13,0.59375,-0.8351784074151909,223.0,160.0,209.0
2501,Portland Pilots,104.6,110.84,-6.24,70.98,106.80152882123936,106.28954232522729,0.5119864960120708,111.79063756448095,106.25468049014248,5.535957074338471,151.0,1478.0425083517932,15,34,19,0.4411764705882353,-0.841881334404303,170.0,563.0,210.0
2084,Buffalo Bulls,115.39,111.78,3.61,67.89,112.1744219023249,114.07261805235274,-1.898196150027843,105.85584656457715,110.91201014299071,-5.056163578413562,385.0,1500.6240311896743,17,32,15,0.53125,-0.917896515530208,199.0,205.0,211.0
357,Texas A&M-Corpus Christi Islanders,106.12,98.75,7.36,68.44,100.80315722577743,105.2160498877115,-4.41289266193408,103.34242735221525,111.62785969063054,-8.285432338415292,496.0,1524.3573562990946,18,33,15,0.5454545454545454,-0.9885785160123106,226.0,166.0,212.0
2546,Southeast Missouri State Redhawks,105.19,99.97,5.22,70.76,100.2437710069741,108.36570689034221,-8.12193588336811,99.72443378989286,112.78831079703225,-13.0638770071394,616.0,1559.821649230143,20,33,13,0.6060606060606061,-1.0698854801769015,262.0,99.0,213.0
2623,Missouri State Bears,110.59,108.29,2.31,67.9,108.8822238691037,110.15809753531866,-1.275873666214963,106.41400469557195,109.45805173231417,-3.04404703674223,325.0,1490.6550333617563,16,34,18,0.47058823529411764,-1.1051851650196667,193.0,258.0,215.0
2739,Green Bay Phoenix,113.7,114.25,-0.54,65.66,110.62314622666972,115.63240650060627,-5.0092602739365475,106.97238968992252,111.69243150140072,-4.720041811478195,373.0,1527.2523408087482,18,33,15,0.5454545454545454,-1.142013096530866,230.0,156.0,216.0
2181,Drake Bulldogs,109.56,109.08,0.48,68.55,111.08267324792833,110.1598521501291,0.922821097799229,107.61157192438725,105.74077967324128,1.8707922511459483,203.0,1466.9743439205445,14,34,20,0.4117647058823529,-1.189872255073162,164.0,610.0,217.0
2097,Campbell Fighting Camels,111.65,109.83,1.82,70.78,109.73909892822417,112.57707442844382,-2.837975500219656,106.75609552550327,108.04116482863347,-1.285069303130202,280.0,1504.539286385794,16,34,18,0.47058823529411764,-1.19202343082013,210.0,200.0,218.0
2174,Detroit Mercy Titans,110.01,110.64,-0.63,70.05,106.08905349185834,112.2116730441653,-6.122619552306958,106.90134185858794,111.82967610661667,-4.928334248028728,379.0,1535.1294192692656,17,32,15,0.53125,-1.304838812690201,244.0,136.0,219.0
2182,Drexel Dragons,103.68,102.33,1.36,65.72,101.82488143690439,105.584927681005,-3.7600462441006073,104.49885035307382,109.70554653529068,-5.206696182216852,391.0,1511.0092581473552,17,33,16,0.5151515151515151,-1.3295602146825416,219.0,184.0,220.0
2217,Fairfield Stags,109.95,105.09,4.87,67.84,104.64916624013354,113.06968700562855,-8.420520765495013,101.09430215313824,111.9465558562224,-10.852253703084166,581.0,1557.2259067092718,21,34,13,0.6176470588235294,-1.3489650472839143,265.0,103.0,221.0
195,Ohio Bobcats,109.38,111.05,-1.67,70.98,108.46768513725434,110.68510465291732,-2.217419515662982,107.52105381958194,109.52227078835033,-2.0012169687683805,297.0,1493.3066041720272,15,32,17,0.46875,-1.443379549230133,203.0,226.0,222.0
324,Coastal Carolina Chanticleers,104.29,102.74,1.55,70.48,99.48831230506177,107.37185668495218,-7.8835443798904095,104.7851095593586,111.65087412357896,-6.865764564220352,454.0,1548.3104370477986,19,32,13,0.59375,-1.5262503375552754,259.0,112.0,223.0
55,Jacksonville State Gamecocks,108.08,101.86,6.23,67.18,105.37113440294522,106.96904771339544,-1.597913310450224,104.04786732461385,109.89505144574198,-5.84718412112814,407.0,1484.2817831510336,15,32,17,0.46875,-1.5848674976734345,195.0,486.0,224.0
331,Eastern Washington Eagles,111.45,114.26,-2.81,69.58,110.81442460483383,113.5611093394032,-2.746684734569371,108.19101282073302,109.04073913178118,-0.8497263110481523,258.0,1495.5613470867868,14,33,19,0.42424242424242425,-1.5952750129453463,209.0,221.0,225.0
290,Georgia Southern Eagles,112.72,110.23,2.49,72.04,108.48955431248851,115.70378752504645,-7.214233212557943,103.66933044169332,111.22197374916524,-7.552643307471926,479.0,1538.3946221453068,21,37,16,0.5675675675675675,-1.6873854990136308,253.0,133.0,226.0
2612,Saint Peter's Peacocks,106.7,102.86,3.84,66.45,102.17146863552692,109.07364986379535,-6.902181228268432,102.54360759790706,111.4491121042302,-8.905504506323155,520.0,1532.7392231531242,17,29,12,0.5862068965517241,-1.8141294564780082,250.0,141.0,227.0
2692,Weber State Wildcats,113.56,108.18,5.38,71.48,109.09814110567991,112.65506660669512,-3.5569255010152006,105.41106447109665,111.32230827714204,-5.911243806045392,410.0,1497.0991579216327,16,32,16,0.5,-1.9235048544259654,217.0,214.0,228.0
2142,Colgate Raiders,112.27,108.41,3.86,68.44,107.41783814638147,113.2469692059079,-5.829131059526432,104.28635637403376,111.71773048025493,-7.431374106221156,476.0,1510.1565890923978,18,33,15,0.5454545454545454,-2.406736075143327,239.0,188.0,231.0
242,Rice Owls,108.19,109.27,-1.08,68.27,108.40808649664324,110.51042915886168,-2.1023426622184473,107.49984006967311,107.60295731319285,-0.10311724351974348,244.0,1472.7823883278961,13,31,18,0.41935483870967744,-2.412051914714418,201.0,573.0,232.0
314,Iona Gaels,105.96,104.71,1.25,69.76,103.29780172111734,109.27868454757088,-5.980882826453538,103.11604105659579,111.09149740847981,-7.975456351884029,487.0,1508.0904762534287,18,32,14,0.5625,-2.5859176005553324,241.0,196.0,233.0
2619,Stony Brook Seawolves,105.51,105.38,0.13,67.75,103.91590392519635,109.70403060020483,-5.788126675008485,103.75658092879911,108.91901591514727,-5.162434986348162,388.0,1505.369200929038,17,32,15,0.53125,-2.6256032910523417,238.0,199.0,234.0
2747,Wofford Terriers,115.06,113.0,2.06,68.35,107.89800828163786,115.82178943063393,-7.9237811489960706,104.9313087256081,115.32599708754724,-10.39468836193913,571.0,1523.4238696111522,19,32,13,0.59375,-2.7906970939404245,260.0,167.0,235.0
13,Cal Poly Mustangs,106.99,111.23,-4.24,76.59,108.20455696779248,112.18206010972507,-3.977503141932587,107.11180419723722,106.78818513272769,0.3236190645095132,236.0,1481.9244937400542,14,33,19,0.42424242424242425,-2.892526883963582,221.0,495.0,236.0
2065,Bethune-Cookman Wildcats,104.82,106.77,-1.95,71.98,102.66842677570862,110.04009419893634,-7.37166742322772,104.21324268858628,110.4264388826571,-6.21319619407082,428.0,1512.872578358467,17,32,15,0.53125,-3.042204793690506,255.0,181.0,237.0
2717,Western Carolina Catamounts,112.29,111.3,0.98,69.67,107.5303043794276,114.72819500213792,-7.197890622710318,106.10250517847234,112.06471119382013,-5.962206015347795,413.0,1509.9455672674371,15,31,16,0.4838709677419355,-3.101666947983303,252.0,189.0,238.0
2515,Radford Highlanders,110.91,107.37,3.54,73.4,106.22657969782253,112.3736010628917,-6.147021365069165,102.79476385134959,113.18266943519538,-10.38790558384579,570.0,1497.4979278704257,16,32,16,0.5,-3.1986142890132996,245.0,212.0,239.0
2565,SIU Edwardsville Cougars,105.49,96.85,8.65,67.03,97.42347497161312,106.86972041757298,-9.44624544595986,98.86378094273007,115.22214297823255,-16.358362035502477,672.0,1529.2564580590133,19,32,13,0.59375,-3.2602998200292648,274.0,148.0,240.0
44,American University Eagles,110.19,106.15,4.04,67.45,105.76624692610044,110.55918350019556,-4.792936574095123,103.57640690414624,112.2631900444182,-8.686783140271958,512.0,1479.4886951696753,16,32,16,0.5,-3.4220335285637944,228.0,544.0,241.0
2427,UNC Asheville Bulldogs,107.4,106.84,0.56,68.31,103.48079369905892,109.95474282656072,-6.473949127501797,104.60087008965294,112.04924683610034,-7.448376746447398,478.0,1495.096159726004,15,32,17,0.46875,-3.482166577450694,247.0,223.0,242.0
2329,Lehigh Mountain Hawks,105.82,106.66,-0.84,69.28,101.55652411560843,111.41763698553255,-9.861112869924128,103.1922693257658,112.03849120732218,-8.846221881556383,517.0,1528.6164098511035,18,34,16,0.5294117647058824,-3.4997359424068875,277.0,151.0,243.0
2754,Youngstown State Penguins,111.51,107.21,4.29,68.8,104.37352386926395,109.05799443479991,-4.68447056553596,107.37687959189654,114.57222608300708,-7.195346491110532,469.0,1475.807615266235,14,31,17,0.45161290322580644,-3.5518545194562323,227.0,570.0,244.0
526,Florida Gulf Coast Eagles,110.79,108.91,1.88,70.01,105.60532371552712,111.11788107754029,-5.512557362013169,105.98773948119855,113.15021477187277,-7.162475290674218,468.0,1483.5035482270462,16,34,18,0.47058823529411764,-3.581101269654276,236.0,488.0,245.0
2443,New Orleans Privateers,106.03,110.81,-4.78,70.18,106.30165467388144,112.65619654089579,-6.354541867014348,106.6625203805253,107.5046563605144,-0.8421359799891136,257.0,1490.399077756609,15,33,18,0.45454545454545453,-3.6573170456767286,246.0,275.0,246.0
151,East Carolina Pirates,101.91,110.54,-8.63,70.12,104.3964169620342,107.36678984184478,-2.970372879810583,109.82739131682936,106.96963598494473,2.857755331884634,189.0,1452.1885067865505,11,31,20,0.3548387096774194,-3.8757611005777646,212.0,634.0,247.0
155,North Dakota Fighting Hawks,109.27,110.14,-0.87,70.12,104.48657643087215,114.92696427289596,-10.44038784202381,104.34846536210384,111.97754749173178,-7.629082129627946,481.0,1525.0970425431196,18,35,17,0.5142857142857142,-3.965341793855923,282.0,162.0,248.0
2172,Denver Pioneers,118.92,119.41,-0.49,69.49,113.83552202712161,121.16547321298827,-7.329951185866662,106.54054864650536,112.90754283758172,-6.366994191076362,436.0,1493.6411052095266,15,32,17,0.46875,-3.9829203324570015,254.0,225.0,249.0
2870,Purdue Fort Wayne Mastodons,110.86,110.16,0.71,70.21,103.97647869289597,113.04836521108997,-9.071886518194006,106.96674958520805,113.46223754660309,-6.495487961395048,440.0,1509.5116148894963,17,32,15,0.53125,-4.060362514622189,272.0,191.0,250.0
282,Indiana State Sycamores,104.42,106.27,-1.85,70.26,106.00829684916958,107.0141860866412,-1.0058892374716208,107.2854179729406,106.63698860336265,0.6484293695779626,228.0,1428.71717016121,11,32,21,0.34375,-4.067086110675305,184.0,672.0,251.0
2413,Morehead State Eagles,111.16,109.68,1.47,67.92,104.39653652358416,118.88475540792356,-14.488218884339403,100.32230597031653,112.91363149051307,-12.591325520196536,611.0,1562.9413151437097,20,33,13,0.6060606060606061,-4.0970436849842145,316.0,90.0,252.0
104,Boston University Terriers,115.14,113.36,1.78,65.38,110.09456218083986,119.01525934223328,-8.92069716139342,102.51132636634217,112.468137658586,-9.956811292243833,559.0,1506.915230917363,17,34,17,0.5,-4.114587034828558,271.0,197.0,253.0
2325,La Salle Explorers,100.74,111.5,-10.76,66.53,106.74693268958073,107.1974707102213,-0.4505380206405647,110.99772192694213,103.02983239332393,7.96788953361821,132.0,1422.1503136661072,9,32,23,0.28125,-4.117753327014922,181.0,681.0,254.0
301,San Diego Toreros,106.49,110.81,-4.32,70.11,108.56566767945375,110.87149728982708,-2.3058296103733227,108.50758880638533,105.39830664840579,3.109282157979542,184.0,1440.6133186618029,12,33,21,0.36363636363636365,-4.1222488720965185,205.0,650.0,255.0
23,San José State Spartans,108.66,118.59,-9.93,66.23,113.85809998803876,113.14146394499858,0.7166360430401824,113.9252343902174,102.60128111002973,11.323953280187657,99.0,1409.0612778468815,9,33,24,0.2727272727272727,-4.188618086135835,168.0,697.0,256.0
2571,South Dakota State Jackrabbits,110.83,106.71,4.12,68.15,106.12531801523227,111.7283445745334,-5.603026559301128,104.49882689493117,111.36602689178092,-6.867199996849748,455.0,1467.8751585193627,14,32,18,0.4375,-4.40775535368243,237.0,607.0,257.0
2627,Tarleton State Texans,102.8,102.04,0.76,72.22,102.71312957595372,108.07519448443526,-5.362064908481543,102.39074265151258,107.54374040633759,-5.152997754825016,387.0,1460.592187181605,14,32,18,0.4375,-4.651423095160526,234.0,621.0,258.0
2210,Elon Phoenix,113.32,112.38,0.94,69.12,109.3597361246907,115.34378544238938,-5.984049317698677,105.72427001137574,110.67719501814196,-4.952925006766222,381.0,1464.9058540388016,14,32,18,0.4375,-4.746731956909256,242.0,613.0,259.0
2344,Longwood Lancers,108.45,102.68,5.77,71.88,101.93939012236049,110.83342743580558,-8.894037313445082,101.33462977029313,113.16086240984575,-11.826232639552611,599.0,1491.6618187791344,16,32,16,0.5,-4.863927717765823,269.0,232.0,261.0
2127,Charleston Southern Buccaneers,110.24,105.49,4.76,75.81,103.47985036113175,111.57448140891857,-8.09463104778682,103.02001194246554,113.37402891220627,-10.354016969740714,569.0,1479.8423779727882,15,32,17,0.46875,-5.055196625254,261.0,538.0,263.0
233,South Dakota Coyotes,109.69,111.05,-1.36,72.38,104.1905419180461,114.08285035977,-9.892308441723912,104.79480542443584,113.96959985859978,-9.174794434163939,531.0,1494.7324750821813,16,32,16,0.5,-5.209530466752892,278.0,224.0,264.0
2815,Lindenwood Lions,105.49,98.54,6.95,73.73,97.99378149566556,109.37379086611963,-11.380009370454076,99.16095268135142,113.36185012866652,-14.2008974473151,644.0,1509.1159828010288,18,33,15,0.5454545454545454,-5.2342055451755956,291.0,194.0,265.0
2437,Omaha Mavericks,110.21,110.79,-0.58,68.96,103.42113866063251,114.40949708106338,-10.98835842043087,105.40610371663102,113.9427153561494,-8.536611639518384,508.0,1503.1856760825044,16,33,17,0.48484848484848486,-5.334895406090214,289.0,202.0,266.0
2000,Abilene Christian Wildcats,101.13,104.05,-2.92,69.56,99.88270846016933,107.51553157559408,-7.632823115424756,104.44842775809836,109.10782582742394,-4.65939806932558,368.0,1464.1419437713619,14,33,19,0.42424242424242425,-5.609314369144284,256.0,614.0,267.0
2350,Loyola Chicago Ramblers,101.15,114.48,-13.33,66.1,105.88895052956698,110.0275211122763,-4.13857058270932,112.01816184729692,103.85312488697869,8.165036960318242,128.0,1426.0072674494827,9,33,24,0.2727272727272727,-5.768921918880525,222.0,677.0,268.0
116,Mount St. Mary's Mountaineers,100.06,103.33,-3.27,67.94,97.276432369478,108.65155273105121,-11.37512036157321,102.34996443410554,110.71204524387916,-8.36208080977362,499.0,1497.0133226698238,15,32,17,0.46875,-5.8368940472954165,290.0,215.0,269.0
2638,UTEP Miners,102.42,107.23,-4.8,67.6,101.23895390141072,108.21738997880124,-6.978436077390512,107.16381885213457,109.02065185128134,-1.8568329991467702,290.0,1451.0149613059561,11,31,20,0.3548387096774194,-5.938469973397448,251.0,636.0,270.0
2582,Southern Jaguars,108.81,106.24,2.56,73.27,102.78357207106839,114.67728939314964,-11.893717322081244,101.83799645135713,111.87508085164914,-10.03708440029201,562.0,1498.498660454879,17,34,17,0.5,-6.021925638296674,294.0,210.0,271.0
2504,Prairie View A&M Panthers,106.34,102.62,3.72,74.15,98.90576606676056,112.04418808043468,-13.138422013674116,99.64472449493327,114.1056271010649,-14.460902606131627,648.0,1508.8116630681827,18,35,17,0.5142857142857142,-6.128627853427922,304.0,195.0,272.0
299,Long Beach State Beach,103.9,107.64,-3.74,72.16,103.99351546480585,109.19293588405804,-5.199420419252192,107.09453638535605,107.36730200808925,-0.27276562273321003,250.0,1429.300382530511,10,32,22,0.3125,-6.1346910831005514,233.0,671.0,273.0
2115,Central Connecticut Blue Devils,111.32,107.1,4.22,66.26,102.72572599082167,117.4984207050827,-14.772694714261021,99.32253545472932,114.40542758772817,-15.082892132998849,653.0,1524.5409462275252,18,30,12,0.6,-6.159300045754252,319.0,164.0,274.0
2385,Mercyhurst Lakers,105.61,101.78,3.83,65.93,99.09883210951175,110.97982165318861,-11.880989543676861,99.68994281659474,113.15051290646714,-13.460570089872407,625.0,1492.925210753908,17,34,17,0.5,-6.294234234143031,293.0,227.0,275.0
295,Old Dominion Monarchs,106.96,110.27,-3.31,70.92,104.52254077845102,112.21163250501607,-7.689091726565053,106.26679231207869,110.3592759301831,-4.092483618104401,354.0,1448.5519373034283,12,33,21,0.36363636363636365,-6.416948998111112,257.0,639.0,276.0
2506,Presbyterian Blue Hose,107.38,106.76,0.61,67.5,100.92792238588368,111.62539190257228,-10.6974695166886,104.16186246139856,113.13328144943328,-8.971418988034728,524.0,1478.0429653599078,15,33,18,0.45454545454545453,-6.446586490348908,283.0,562.0,277.0
2010,Alabama A&M Bulldogs,105.84,106.73,-0.89,68.01,102.19477218553864,115.16346247221082,-12.968690286672185,98.71348225239385,112.7936520560343,-14.080169803640446,642.0,1497.4232744059154,18,33,15,0.5454545454545454,-6.613181423040321,302.0,213.0,278.0
2199,Eastern Michigan Eagles,102.98,106.0,-3.03,68.99,101.49115567061473,106.60726117666277,-5.116105506048044,107.94977190492241,108.98931086236495,-1.0395389574425107,261.0,1415.7906089588184,10,31,21,0.3225806451612903,-6.7685223050831,232.0,690.0,279.0
2447,Nicholls Colonels,105.15,109.13,-3.98,68.72,102.39608763492024,113.1198378462229,-10.723750211302658,105.16495184865994,109.40351525845537,-4.2385634097954386,360.0,1471.2833691139745,14,33,19,0.42424242424242425,-6.797706649952606,284.0,579.0,280.0
91,Bellarmine Knights,119.17,122.56,-3.38,66.9,114.8856390674662,124.51483132510415,-9.629192257637953,105.90657916044759,112.78772072788763,-6.881141567440043,456.0,1459.6566614938104,13,32,19,0.40625,-6.831763054128459,275.0,625.0,281.0
2492,Pepperdine Waves,103.22,113.53,-10.31,70.04,105.40727840098106,110.79151083679946,-5.384232435818404,110.40869399812678,105.80608870798804,4.602605290138738,163.0,1413.9215528801537,9,32,23,0.28125,-6.996038573901515,235.0,691.0,282.0
159,Dartmouth Big Green,108.03,109.67,-1.64,70.06,103.1751564796776,113.14082958562567,-9.96567310594807,105.45333478169601,111.41302065566342,-5.9596858739674206,411.0,1459.6932376768673,11,27,16,0.4074074074074074,-6.998174669130671,279.0,624.0,283.0
163,Princeton Tigers,105.55,109.85,-4.31,65.25,103.6132612533527,110.51061564970809,-6.897354396355382,107.6414271561967,109.52845676273398,-1.8870296065372738,291.0,1428.488971107222,9,29,20,0.3103448275862069,-7.024228642816595,249.0,673.0,284.0
2430,UNC Greensboro Spartans,112.72,115.2,-2.47,69.8,106.13922395590099,118.78687331170154,-12.647649355800553,105.34501060866207,114.29100221144103,-8.945991602778971,522.0,1485.3713778177112,15,34,19,0.4411764705882353,-7.055255787014718,301.0,485.0,285.0
2261,Hampton Pirates,104.45,105.45,-1.0,67.01,101.20952718737595,110.95016919802333,-9.740642010647377,103.1703588502458,110.0176011536169,-6.847242303371088,452.0,1456.2315792226796,13,32,19,0.40625,-7.058742044189711,276.0,628.0,286.0
304,Idaho State Bengals,111.76,112.62,-0.86,67.14,108.31161043101949,116.69413672740406,-8.382526296384569,105.23713824649461,110.44238030673529,-5.205242060240686,390.0,1438.1410675494249,13,33,20,0.3939393939393939,-7.284209770721041,264.0,652.0,287.0
270,Milwaukee Panthers,110.11,114.15,-4.04,69.5,105.38989837990356,114.48661085598943,-9.09671247608587,109.01518206906451,111.8110457667145,-2.795863697649996,318.0,1443.4684069617015,12,32,20,0.375,-7.374935889957861,273.0,643.0,288.0
48,Delaware Blue Hens,103.45,112.75,-9.31,65.51,104.62879856408847,113.1745991617027,-8.545800597614232,106.80517550788922,107.48458186661614,-0.6794063587269212,253.0,1435.922370662956,10,31,21,0.3225806451612903,-7.47678176565932,266.0,660.0,289.0
2698,West Georgia Wolves,107.4,111.59,-4.2,71.31,100.66329243838783,113.07381247372045,-12.410520035332624,106.52908162236682,114.87779113339968,-8.348709511032867,498.0,1472.3425005798117,15,32,17,0.46875,-7.588134988675726,300.0,575.0,290.0
2050,Ball State Cardinals,101.46,104.95,-3.49,66.37,97.2798566807361,109.24543744748168,-11.965580766745575,104.5749998156337,111.33040104108026,-6.755401225446563,447.0,1466.1146569955392,12,31,19,0.3870967741935484,-7.677057533595826,296.0,612.0,291.0
27,UC Riverside Highlanders,102.98,110.19,-7.21,70.75,103.34542490294044,111.15439117357752,-7.808966270637086,107.03478013330799,107.8673831143972,-0.8326029810891988,256.0,1422.5808422851292,10,32,22,0.3125,-7.775441021062084,258.0,680.0,292.0
2320,Lamar Cardinals,104.93,103.86,1.07,66.59,101.1305849636955,109.4769197080618,-8.346334744366303,102.73828054964997,111.15591626415076,-8.417635714500785,505.0,1427.2350175808517,12,31,19,0.3870967741935484,-7.811416493140565,263.0,674.0,293.0
50,Florida A&M Rattlers,99.76,105.6,-5.84,70.61,95.63019364978862,110.81787249259303,-15.187678842804402,102.29688967662278,112.29673677834302,-9.999847101720231,561.0,1491.3170081390222,15,31,16,0.4838709677419355,-8.027989014451093,323.0,243.0,294.0
2330,Le Moyne Dolphins,104.91,105.59,-0.68,69.43,100.25120047346395,113.27842421547685,-13.027223742012893,100.26695520737027,112.59402223469723,-12.327067027326958,608.0,1467.933621818023,15,32,17,0.46875,-8.116930780105292,303.0,606.0,296.0
2711,Western Michigan Broncos,106.35,114.24,-7.89,69.94,106.7120899273003,115.61071812694689,-8.898628199646595,106.2248808770049,108.53307245835597,-2.3081915813510783,313.0,1426.6131926793712,10,31,21,0.3225806451612903,-8.118654465854737,270.0,676.0,297.0
2529,Sacred Heart Pioneers,109.34,111.84,-2.49,68.64,104.39764487838215,118.4818760092742,-14.08423113089205,101.84305326536544,111.4407266870058,-9.597673421640359,545.0,1474.3429143239798,14,33,19,0.42424242424242425,-8.324969849247035,313.0,572.0,298.0
253,Southern Utah Thunderbirds,105.41,110.22,-4.81,72.26,104.53059220487005,114.61180926170255,-10.0812170568325,104.30767749049356,107.59111186258662,-3.283434372093059,333.0,1433.0785439819317,10,32,22,0.3125,-8.386681329319664,280.0,665.0,299.0
236,Chattanooga Mocs,113.16,110.06,3.1,68.07,104.47926058353191,116.82096349935317,-12.341702915821259,103.7200036106167,114.90339011673383,-11.183386506117124,589.0,1454.658968387716,13,32,19,0.40625,-8.437903038524832,299.0,632.0,300.0
2908,South Carolina Upstate Spartans,103.82,104.34,-0.53,71.05,98.74262295725124,110.40098529425799,-11.65836233700675,102.95397336724753,112.22526853569272,-9.2712951684452,536.0,1445.9375029340968,13,32,19,0.40625,-8.532306021798536,292.0,642.0,301.0
2916,Incarnate Word Cardinals,111.5,111.65,-0.15,66.31,106.91609992248252,117.78138396269235,-10.86528404020983,102.61448201684603,111.42787342409736,-8.813391407251332,516.0,1437.507210421308,12,31,19,0.3870967741935484,-8.557281499039517,287.0,654.0,302.0
2117,Central Michigan Chippewas,106.12,110.82,-4.69,69.27,104.20731687558253,114.49016037132341,-10.282843495740877,105.67640356194944,109.1280682639912,-3.451664702041739,339.0,1431.6665801403444,10,31,21,0.3225806451612903,-8.558092740853217,281.0,668.0,303.0
2450,Norfolk State Spartans,108.99,105.18,3.81,70.14,101.20681244491051,115.96671097091942,-14.75989852600891,98.38700721662198,113.73673317362147,-15.349725956999498,657.0,1471.239406272861,15,32,17,0.46875,-8.817978949361402,318.0,580.0,304.0
2198,Eastern Kentucky Colonels,112.96,115.81,-2.85,70.86,107.85020490102835,118.59635652278125,-10.746151621752901,106.43882962311929,112.77266200608508,-6.333832382965793,431.0,1430.021199551889,11,32,21,0.34375,-8.872015833282004,286.0,670.0,305.0
2640,Texas Southern Tigers,103.52,107.89,-4.38,72.37,100.5343461571052,114.02766835213275,-13.493322195027545,101.39202463933567,111.57667921445451,-10.184654575118836,566.0,1455.804668739765,12,30,18,0.4,-8.956427660525522,307.0,629.0,306.0
2681,Wagner Seahawks,105.64,105.97,-0.33,67.56,100.10153862050278,116.40917291350708,-16.3076342930043,98.76576848148342,112.11274202435243,-13.346973542869002,621.0,1482.9451590677816,14,31,17,0.45161290322580644,-9.006559193113072,333.0,489.0,307.0
225,Brown Bears,102.34,102.68,-0.33,68.5,95.62841703170153,107.59639560219502,-11.967978570493486,104.38783018114674,112.76927722625622,-8.38144704510947,501.0,1436.1512472991267,9,27,18,0.3333333333333333,-9.176426920290409,297.0,658.0,308.0
2448,North Carolina A&T Aggies,107.54,111.22,-3.68,69.89,103.59005656236587,115.61001594895457,-12.019959386588695,104.44478036294225,111.22406011726788,-6.779279754325614,450.0,1435.4467327876312,11,30,19,0.36666666666666664,-9.23764305391279,298.0,661.0,309.0
16,Sacramento State Hornets,106.09,112.0,-5.91,73.22,103.03462855198207,113.76926296469628,-10.734634412714215,106.84161615443283,110.09200386608963,-3.2503877116567907,330.0,1420.854718422682,10,31,21,0.3225806451612903,-9.324581285223006,285.0,683.0,310.0
2635,Tennessee Tech Golden Eagles,105.4,107.01,-1.6,69.56,100.16125930698735,116.00562931103373,-15.844370004046382,99.27667083844571,112.79636462463985,-13.519693786194136,628.0,1467.5571543780864,13,31,18,0.41935483870967744,-9.544327283118873,329.0,609.0,312.0
2349,UMass Lowell River Hawks,107.87,109.94,-2.07,69.41,100.72884167567575,117.76396580526857,-17.035124129592816,100.54656689799114,114.5715337180964,-14.024966820105277,641.0,1477.9567999967592,15,33,18,0.45454545454545453,-9.619722064958449,339.0,564.0,313.0
339,Evansville Purple Aces,98.49,112.43,-13.94,68.01,101.98113413900096,110.64141856991665,-8.660284430915695,109.2147344457618,104.97550174752358,4.239232698238226,170.0,1391.0119101351509,7,32,25,0.21875,-9.779546708700305,268.0,709.0,315.0
2885,NJIT Highlanders,98.41,106.89,-8.49,68.32,94.98093994400362,112.96447584393874,-17.98353589993512,101.16902151320109,111.93891886365421,-10.769897350453114,579.0,1484.1101103500778,16,33,17,0.48484848484848486,-9.786262432463671,345.0,487.0,316.0
2441,New Haven Chargers,101.11,103.16,-2.05,64.24,94.3928236551949,111.21210070481209,-16.819277049617185,100.36880105065096,113.87462171641492,-13.505820665763963,626.0,1470.41930640647,14,31,17,0.45161290322580644,-9.888673204485091,334.0,591.0,318.0
2755,Grambling Tigers,100.7,100.35,0.35,69.86,95.30534491578227,108.9975981456085,-13.692253229826235,100.19331144205964,112.72345986563472,-12.530148423575083,610.0,1437.1508707703686,14,33,19,0.42424242424242425,-9.98858307639469,309.0,655.0,320.0
309,Louisiana Ragin' Cajuns,99.23,110.35,-11.12,64.1,97.91154001622901,112.27470400088458,-14.363163984655571,105.52009111673289,109.72676747913815,-4.2066763624052586,357.0,1443.3245288768624,11,33,22,0.3333333333333333,-10.015355548484667,315.0,644.0,321.0
56,Stetson Hatters,107.53,115.67,-8.14,68.72,103.77492654079467,117.7112050262234,-13.93627848542873,106.11667815273303,112.22265463529044,-6.105976482557399,422.0,1438.0150606810403,12,33,21,0.36363636363636365,-10.067386208662352,311.0,653.0,322.0
294,Jacksonville Dolphins,109.68,110.43,-0.75,66.56,101.24564754610056,115.22085527142195,-13.975207725321397,106.13421873550658,113.44284758198738,-7.308628846480803,473.0,1436.4438791121074,12,32,20,0.375,-10.165409907055327,312.0,657.0,323.0
2352,Loyola Maryland Greyhounds,107.73,111.1,-3.37,69.59,102.33651567343303,117.53174681757153,-15.195231144138504,101.66503002961157,113.12124780219126,-11.456217772579699,595.0,1442.6253393471125,12,32,20,0.375,-10.466348604713628,324.0,646.0,324.0
2197,Eastern Illinois Panthers,99.59,104.36,-4.77,67.38,95.12195663877321,112.03391929172633,-16.91196265295312,101.00398223184897,111.75969620994432,-10.755713978095365,578.0,1456.3726136869018,13,33,20,0.3939393939393939,-10.637350642131471,338.0,627.0,325.0
2247,Georgia State Panthers,101.3,107.41,-6.11,69.54,98.18138942553745,111.36731751056227,-13.185928085024827,104.28495663964225,111.22877059322909,-6.943813953586837,459.0,1418.1999232293629,10,32,22,0.3125,-10.68296788104427,306.0,688.0,326.0
2031,Little Rock Trojans,102.91,108.3,-5.38,68.49,100.38946967013435,116.50967175480886,-16.120202084674517,99.80822502415862,110.63989116015502,-10.8316661359964,580.0,1447.1200328488264,12,32,20,0.375,-10.704099399895936,332.0,640.0,327.0
322,Lafayette Leopards,102.99,110.15,-7.17,67.49,99.98201969543123,114.91119952926877,-14.929179833837537,103.07252937551074,110.9277170397852,-7.855187664274446,486.0,1434.0484306790086,11,32,21,0.34375,-10.76216838296834,321.0,664.0,328.0
198,Oral Roberts Golden Eagles,104.15,110.39,-6.25,70.32,100.41533296329001,113.93674446741092,-13.521411504120906,104.95466783659339,111.54195664905666,-6.587288812463275,442.0,1418.408982127043,10,33,23,0.30303030303030304,-10.840256645708306,308.0,686.0,329.0
2277,Houston Christian Huskies,102.74,110.08,-7.34,65.43,99.67742342845331,115.66022576523558,-15.982802336782271,103.47556008082707,110.60346982851343,-7.127909747686367,467.0,1442.7634222493032,12,32,20,0.375,-10.853230055925977,331.0,645.0,330.0
2029,Arkansas-Pine Bluff Golden Lions,106.36,111.56,-5.21,72.63,101.25233666424542,118.12704779426112,-16.874711130015697,103.26197990041702,111.73184711309158,-8.469867212674549,506.0,1446.9084438462455,13,32,19,0.40625,-11.091933372695573,336.0,641.0,332.0
2837,East Texas A&M Lions,101.37,107.37,-6.01,69.33,97.94719347716601,112.20150457126135,-14.254311094095343,104.48926874956436,110.09521232928931,-5.60594357972494,400.0,1418.4514849754971,11,32,21,0.34375,-11.204581298272815,314.0,685.0,333.0
2415,Morgan State Bears,104.76,109.62,-4.87,71.61,99.07982772207181,120.19869674774614,-21.11886902567433,97.25556907610319,113.71293352007432,-16.45736444397114,674.0,1486.1241563232588,14,30,16,0.4666666666666667,-11.253226696674222,358.0,484.0,334.0
2466,Northwestern State Demons,103.34,109.99,-6.65,65.95,100.24353212105255,114.86088346075232,-14.617351339699766,103.65645562094406,110.4252897971809,-6.768834176236831,449.0,1420.4603290275786,10,32,22,0.3125,-11.285659218470952,317.0,684.0,335.0
325,Cleveland State Vikings,111.74,120.02,-8.28,71.5,108.06747073428356,123.6562653095817,-15.588794575298138,105.36766310683365,111.44197146621413,-6.0743083593804625,420.0,1430.0888573736195,11,33,22,0.3333333333333333,-11.289954418968096,326.0,669.0,336.0
2428,North Carolina Central Eagles,105.29,109.78,-4.49,68.49,99.92344982235365,119.42759078481754,-19.504140962463893,98.99105710790609,112.69640403883659,-13.705346930930506,633.0,1462.8880606884252,14,32,18,0.4375,-11.607667446810687,352.0,615.0,338.0
111,Northeastern Huskies,106.81,116.14,-9.32,69.92,105.52683218288665,117.4801718953008,-11.953339712414149,107.04417248108503,108.71911187418857,-1.6749393931035428,286.0,1384.2794009418888,7,31,24,0.22580645161290322,-11.762699809112636,295.0,712.0,340.0
2545,SE Louisiana Lions,98.44,106.64,-8.2,66.07,96.25466792741268,111.03335334587683,-14.77868541846415,104.43958273514724,109.56041708682241,-5.120834351675176,386.0,1411.995415289977,9,31,22,0.2903225806451613,-11.789571944733224,320.0,694.0,341.0
2363,Manhattan Jaspers,107.09,114.16,-7.07,69.14,103.01663856658593,120.43877603943378,-17.42213747284785,101.86674767527278,111.50718840996689,-9.640440734694117,548.0,1436.7566228564842,12,32,20,0.375,-11.873237593599715,341.0,656.0,343.0
2083,Bucknell Bison,99.32,113.01,-13.69,67.67,97.39380847117869,112.89947524688806,-15.505666775709372,106.49017152366275,110.90772889163993,-4.41755736797718,364.0,1410.3502236343022,10,33,23,0.30303030303030304,-12.235322206139575,325.0,696.0,345.0
2459,Northern Illinois Huskies,99.13,112.25,-13.12,69.73,96.19317221772273,113.07546825155636,-16.882296033833626,106.84347405422925,111.05925386905993,-4.215779814830697,359.0,1418.3435398677682,9,30,21,0.3,-12.523971023528404,337.0,687.0,349.0
2464,Northern Arizona Lumberjacks,107.19,114.73,-7.54,66.56,102.42070724753759,118.25047293157739,-15.829765684039799,105.54051012076665,112.27181408658824,-6.73130396582159,446.0,1406.7550572085927,10,32,22,0.3125,-12.577129981590264,328.0,699.0,350.0
2296,Jackson State Tigers,98.06,117.1,-19.04,71.58,98.53036241677569,117.78307874028124,-19.252716323505553,104.89138828766683,109.29595741284837,-4.404569125181552,362.0,1438.3935794953377,12,33,21,0.36363636363636365,-12.706679186985891,350.0,651.0,351.0
399,UAlbany Great Danes,108.02,109.49,-1.47,66.59,100.42537984306232,118.5958464789714,-18.17046663590908,100.32184007201562,113.8392036912265,-13.517363619210872,627.0,1426.7117014974342,11,32,21,0.34375,-12.749648243082829,346.0,675.0,352.0
2934,Cal State Bakersfield Roadrunners,99.92,112.9,-12.98,72.96,100.99617209068774,114.92417072267784,-13.927998631990107,105.49283131545377,107.44937476282685,-1.956543447373083,294.0,1378.6403967569706,8,32,24,0.25,-13.031979478146521,310.0,716.0,353.0
349,Army Black Knights,104.96,111.89,-6.93,68.88,99.72150304904599,117.11275003261107,-17.391246983565082,102.81278985942262,112.90077782883343,-10.087987969410797,563.0,1412.6496655354263,11,32,21,0.34375,-13.063140215011227,340.0,693.0,354.0
107,Holy Cross Crusaders,103.0,111.18,-8.18,66.06,98.689540359495,116.16651559183411,-17.476975232339115,102.69612435728345,112.29961457433387,-9.603490217050421,546.0,1411.7470431817533,11,33,22,0.3333333333333333,-13.151135457081894,342.0,695.0,357.0
284,Stonehill Skyhawks,97.29,100.87,-3.58,68.11,90.09668801352994,109.73636956520804,-19.639681551678095,100.02593816129576,114.03172107020976,-14.005782908913996,639.0,1432.8360870215756,12,33,21,0.36363636363636365,-13.178036424760267,354.0,666.0,358.0
2643,The Citadel Bulldogs,105.93,117.14,-11.21,66.3,99.39303957912587,119.4515784432167,-20.058538864090835,105.1973467920375,114.72399379721385,-9.52664700517637,543.0,1436.1030979024342,11,33,22,0.3333333333333333,-13.224114536923706,356.0,659.0,360.0
2011,Alabama State Hornets,102.01,107.07,-5.06,71.95,97.54605451897261,114.39423089866298,-16.848176379690372,102.35223411808211,110.88826850246903,-8.536034384386923,507.0,1401.4317322477473,10,32,22,0.3125,-13.352501577457822,335.0,703.0,363.0
161,Fairleigh Dickinson Knights,103.89,108.26,-4.37,64.74,98.34783762307528,117.896826424914,-19.548988801838718,99.06245283323179,112.32407787285611,-13.261625039624324,620.0,1424.9887012535823,11,32,21,0.34375,-13.525059338240242,353.0,679.0,364.0
2099,Canisius Golden Griffins,97.14,108.76,-11.62,64.78,94.19050280824301,113.92735620040477,-19.736853392161763,101.78123066728286,111.42426735946438,-9.64303669218152,549.0,1413.4932025283372,10,31,21,0.3225806451612903,-14.193766569664023,355.0,692.0,366.0
85,IU Indianapolis Jaguars,109.13,115.73,-6.6,76.41,103.46450426780508,119.3183518997628,-15.85384763195772,105.81724613250007,112.94214700574184,-7.12490087324176,466.0,1371.7255487385066,7,32,25,0.21875,-14.340646379053528,330.0,718.0,369.0
315,Niagara Purple Eagles,100.57,112.62,-12.05,63.38,97.85908273762077,117.28009878290013,-19.42101604527936,102.219709121507,111.61091265078082,-9.391203529273826,541.0,1402.2634422511755,8,30,22,0.26666666666666666,-14.597335910080902,351.0,701.0,371.0
2636,UTSA Roadrunners,98.74,115.27,-16.53,70.19,99.54133530837116,115.25754952783468,-15.716214219463524,108.5640653259234,106.93894156278631,1.6251237631370932,207.0,1363.30535169191,5,30,25,0.16666666666666666,-14.692839525136268,327.0,719.0,372.0
2454,North Florida Ospreys,108.99,121.58,-12.59,72.77,105.75793358267332,123.37321089487558,-17.615277312202267,106.14612392068463,111.20203428626746,-5.0559103655828315,384.0,1379.4939620071077,7,32,25,0.21875,-14.832940555745747,343.0,715.0,374.0
2005,Air Force Falcons,91.3,118.51,-27.21,67.4,97.82848810658768,110.9730346759604,-13.144546569372721,113.7079101469756,103.45192415329527,10.25598599368034,108.0,1329.7930632601356,3,32,29,0.09375,-15.082620121679582,305.0,726.0,376.0
2453,North Alabama Lions,104.02,117.16,-13.15,66.48,97.92936040652675,118.73071792670935,-20.80135752018259,106.51329350602866,114.28894552154915,-7.775652015520508,485.0,1404.2603302695388,9,30,21,0.3,-15.187662246614355,357.0,700.0,380.0
160,New Hampshire Wildcats,99.5,107.72,-8.22,69.4,93.61975395343178,115.07968279242002,-21.459928838988233,101.27047574934612,112.70620701749452,-11.435731268148386,593.0,1401.2066641340632,9,30,21,0.3,-15.669631212790957,360.0,704.0,384.0
2016,Alcorn State Braves,96.16,114.9,-18.74,69.68,95.07476147840578,117.26650289847665,-22.19174142007087,104.80074920642035,109.6384083106425,-4.837659104222161,376.0,1401.640190329358,9,32,23,0.28125,-16.01386119356754,365.0,702.0,390.0
2130,Chicago State Cougars,99.46,114.87,-15.41,66.18,97.52139690279915,119.23129736569132,-21.709900462892165,103.58260606028321,109.73369406179309,-6.15108800150988,427.0,1385.6411770895484,7,32,25,0.21875,-16.572891376968663,361.0,711.0,394.0
311,Maine Black Bears,96.11,104.08,-7.97,65.41,89.33259138644864,111.85696103189882,-22.52436964545018,101.24400957070267,113.52385494037311,-12.279845369670436,607.0,1391.804470197061,8,32,24,0.25,-16.671961312872043,367.0,706.0,395.0
88,Southern Indiana Screaming Eagles,98.59,106.76,-8.16,69.34,92.32151912108301,114.88298114265145,-22.56146202156843,100.04762179351125,114.01151849321596,-13.963896699704712,636.0,1391.469706437481,7,30,23,0.23333333333333334,-16.70724568891017,368.0,707.0,396.0
2379,Maryland Eastern Shore Hawks,96.76,107.55,-10.79,66.17,91.82278521361312,113.71535982968535,-21.89257461607224,101.90668371512739,113.01196574028016,-11.105282025152778,588.0,1382.6551477743485,9,32,23,0.28125,-16.813529919318693,362.0,713.0,399.0
2569,South Carolina State Bulldogs,95.92,111.97,-16.05,70.17,92.1535786902664,118.57075328500572,-26.417174594739322,101.09051228025918,112.11812044342723,-11.027608163168058,587.0,1425.9653355137177,10,32,22,0.3125,-16.910320521683776,384.0,678.0,400.0
2803,Bryant Bulldogs,98.26,110.56,-12.3,65.76,94.30004434807726,118.66431003377062,-24.364265685693354,99.86976095040367,111.74017497968765,-11.870414029283975,600.0,1398.70762043714,9,31,22,0.2903225806451613,-17.246751820989683,376.0,705.0,402.0
2598,Saint Francis Red Flash,101.31,114.61,-13.3,70.6,97.76857626378009,120.7573085458505,-22.988732282070416,101.95316841150373,111.13882863744378,-9.18566022594006,532.0,1375.0534537043252,7,31,24,0.22580645161290322,-17.741693455818947,370.0,717.0,406.0
2066,Binghamton Bearcats,101.79,113.35,-11.56,66.38,95.86746477186253,121.85932753760572,-25.991862765743193,98.22273592678967,114.6743719880275,-16.451636061237835,673.0,1391.188709699592,8,31,23,0.25806451612903225,-18.436495897891998,382.0,708.0,412.0
2520,Rider Broncs,96.22,115.34,-19.12,65.92,95.09685326482617,118.47292673771362,-23.376073472887455,103.80396964556368,109.5066338975889,-5.702664252025203,401.0,1354.8441985786476,4,29,25,0.13793103448275862,-18.94582680751135,371.0,720.0,416.0
2433,UL Monroe Warhawks,100.95,117.27,-16.32,71.65,99.70323116919262,121.73600758498932,-22.032776415796704,102.59047170849493,110.14467751377671,-7.554205805281785,480.0,1336.467402205996,4,32,28,0.125,-19.193018097598554,364.0,724.0,419.0
2169,Delaware State Hornets,90.73,105.45,-14.72,67.13,85.01863917828099,113.44074729877356,-28.422108120492567,99.18967710891927,114.56771071980664,-15.378033610887375,658.0,1381.392929841077,8,31,23,0.25806451612903225,-20.141407568192438,391.0,714.0,440.0
2154,Coppin State Eagles,94.06,115.34,-21.27,69.7,91.05249094638688,120.03627817938393,-28.983787232997045,102.45368234498066,111.41336187059026,-8.959679525609621,523.0,1386.53205813204,7,31,24,0.22580645161290322,-20.165290709896524,393.0,710.0,442.0
2678,VMI Keydets,104.88,116.59,-11.71,68.62,96.43834038109394,122.97107965902455,-26.532739277930617,103.73166780238316,115.1766873841007,-11.445019581717546,594.0,1349.1222446872316,6,32,26,0.1875,-20.81025740460373,385.0,721.0,451.0
2241,Gardner-Webb Runnin' Bulldogs,95.99,120.37,-24.38,70.98,94.90750949448288,121.46194071982434,-26.55443122534146,105.56096770602221,110.23666529956287,-4.675697593540662,369.0,1344.793449534321,4,33,29,0.12121212121212122,-21.037543135954675,386.0,723.0,456.0
140,Kansas City Roos,96.24,115.99,-19.75,72.17,91.0292398315076,117.19974243337272,-26.170502601865124,106.82673213238381,113.29573636949863,-6.469004237114808,438.0,1335.2747524559422,4,31,27,0.12903225806451613,-21.32151367813545,383.0,725.0,461.0
2710,Western Illinois Leathernecks,96.24,113.79,-17.55,67.45,91.51766893647404,121.87040916610758,-30.35274022963354,99.14156397455648,113.53107013372521,-14.389506159168723,645.0,1348.7822692932798,5,31,26,0.16129032258064516,-22.73725665015278,402.0,722.0,481.0
2400,Mississippi Valley State Delta Devils,90.87,118.12,-27.25,70.48,88.84377858186312,121.8716331448878,-33.027854563024675,102.74256615297493,111.89649646505491,-9.153930312079973,530.0,1306.754322588388,3,33,30,0.09090909090909091,-26.176211152092936,413.0,727.0,569.0
