athlete_id,team_id,fga,rim_rate,mid_rate,three_rate
5142620,8,182,45.6,32.4,22.0
5041935,150,166,59.6,25.3,15.1
5105809,41,157,56.7,42.7,0.6
5178210,202,152,55.9,34.2,9.9
5176727,2504,143,45.5,33.6,21.0
5041953,12,142,62.0,37.3,0.7
4869764,130,130,38.5,26.2,35.4
4873089,2,127,33.9,22.0,44.1
5107904,2272,126,47.6,21.4,31.0
5175737,130,125,53.6,12.0,34.4
5142718,252,125,41.6,41.6,16.8
4917149,41,124,31.5,15.3,53.2
5082206,12,120,38.3,25.0,36.7
5106270,96,120,37.5,41.7,20.8
5196916,41,119,18.5,30.3,51.3
4897438,2509,118,46.6,53.4,0.0
5241364,2294,118,32.2,22.9,44.9
5107968,2633,118,37.3,21.2,41.5
5105854,2509,117,31.6,35.9,32.5
5187600,238,115,44.3,33.9,21.7
5313270,2572,115,51.3,38.3,10.4
5061585,150,115,32.2,16.5,51.3
5254165,356,113,43.4,20.4,36.3
5174983,130,111,62.2,35.1,2.7
4576062,201,109,19.3,34.9,45.9
5107226,290,109,24.8,17.4,57.8
5174973,2509,108,85.2,14.8,0.0
5106262,2599,108,49.1,34.3,16.7
5075625,2,107,43.9,23.4,32.7
4432737,12,106,49.1,40.6,10.4
5164559,2633,105,51.4,27.6,21.0
5105853,2509,105,32.4,14.3,53.3
5105594,201,104,53.8,33.7,12.5
5107508,2724,102,15.7,29.4,54.9
5041955,2305,101,42.6,28.7,28.7
4873153,130,100,78.0,11.0,11.0
4904928,2504,100,36.0,35.0,29.0
5176314,2,99,19.2,23.2,57.6
5315585,167,99,62.6,30.3,7.1
4895737,41,98,25.5,21.4,53.1
5174633,201,98,27.6,40.8,31.6
5041951,8,98,32.7,37.8,29.6
5311896,12,97,54.6,25.8,19.6
5241411,202,97,36.1,8.2,55.7
4702654,275,96,53.1,22.9,24.0
5312457,290,96,58.3,13.5,28.1
5242926,2561,96,40.6,30.2,29.2
5106600,2168,95,60.0,20.0,20.0
4897365,277,94,42.6,14.9,42.6
5178207,2856,94,34.0,34.0,31.9
5254338,167,94,36.2,17.0,46.8
5239838,251,94,73.4,26.6,0.0
5313566,202,94,23.4,10.6,66.0
5177690,2440,93,38.7,33.3,28.0
5236222,2275,93,24.7,34.4,40.9
4873090,333,93,39.8,21.5,38.7
4898382,290,92,52.2,10.9,37.0
5105965,2181,91,50.5,27.5,22.0
5149077,248,90,30.0,55.6,14.4
5060712,2670,90,30.0,33.3,36.7
5041954,130,88,39.8,17.0,43.2
5177694,149,88,43.2,34.1,22.7
5106254,66,88,44.3,25.0,30.7
5175007,356,88,61.4,28.4,10.2
5041937,150,88,44.3,38.6,17.0
5142609,154,88,37.5,30.7,31.8
5176076,2329,87,40.2,37.9,21.8
5105401,328,87,36.8,27.6,35.6
5176186,338,85,41.2,40.0,18.8
5106599,2168,85,40.0,15.3,44.7
5175148,119,85,35.3,49.4,15.3
5174954,12,85,63.5,34.1,2.4
5107157,97,85,38.8,17.6,43.5
4897018,2110,84,53.6,17.9,28.6
5241590,2272,84,53.6,26.2,20.2
5105527,96,84,36.9,26.2,36.9
5105798,2390,84,56.0,29.8,14.3
4848637,66,83,22.9,13.3,63.9
5313914,2440,83,53.0,24.1,22.9
5176317,2440,83,71.1,24.1,4.8
5311832,356,82,47.6,19.5,32.9
5107864,328,82,34.1,41.5,24.4
5103630,275,82,37.8,20.7,41.5
5142608,2603,81,44.4,7.4,48.1
5060706,26,81,49.4,22.2,28.4
5107198,2275,81,35.8,38.3,25.9
5243042,2329,81,84.0,16.0,0.0
5107887,2460,80,23.8,36.2,40.0
4904931,2504,80,50.0,41.2,8.8
4848625,251,79,62.0,22.8,15.2
5241648,155,79,70.9,17.7,11.4
5106058,248,79,27.8,21.5,50.6
5164368,2628,78,62.8,28.2,9.0
5080489,57,78,60.3,16.7,23.1
4702049,238,78,39.7,25.6,34.6
5174623,202,77,51.9,15.6,32.5
5107768,70,77,46.8,37.7,15.6
4711259,2439,77,20.8,40.3,39.0
4698719,8,77,40.3,23.4,36.4
5144375,2377,77,50.6,28.6,20.8
5254340,167,76,47.4,22.4,30.3
5105603,145,75,32.0,53.3,14.7
5107782,26,75,44.0,40.0,16.0
5176354,2287,75,64.0,26.7,9.3
4712862,145,75,30.7,52.0,17.3
4703396,2250,75,49.3,41.3,9.3
5060724,2348,75,36.0,44.0,20.0
5314511,231,74,36.5,27.0,36.5
5241483,2750,74,51.4,29.7,18.9
5105555,12,74,70.3,27.0,2.7
5176218,2572,74,75.7,23.0,1.4
5314298,2771,74,32.4,54.1,13.5
5177096,112358,73,64.4,32.9,2.7
5176075,47,73,57.5,23.3,19.2
5108060,2006,72,61.1,12.5,26.4
4433138,130,72,48.6,4.2,47.2
4432243,251,72,30.6,34.7,34.7
5176632,3084,72,59.7,33.3,6.9
5095155,201,72,48.6,31.9,19.4
4897768,47,71,52.1,23.9,23.9
4683758,258,71,40.8,26.8,32.4
5108059,2006,71,38.0,40.8,21.1
5105858,2603,71,47.9,9.9,42.3
4565698,2599,71,47.9,23.9,28.2
5311502,2,70,50.0,22.9,27.1
4610012,26,70,32.9,45.7,21.4
5106272,248,70,8.6,42.9,48.6
5177021,70,69,23.2,36.2,40.6
5106776,94,69,76.8,18.8,4.3
5108764,2174,69,49.3,47.8,2.9
5105844,197,69,37.7,34.8,27.5
5105836,130,68,58.8,14.7,26.5
5239885,290,68,63.2,11.8,25.0
5311846,258,68,41.2,27.9,30.9
5142621,248,67,41.8,40.3,17.9
5105832,77,67,41.8,46.3,11.9
5176318,70,67,34.3,23.9,41.8
5177716,2547,67,50.7,37.3,11.9
5113969,239,67,32.8,19.4,47.8
5192142,47,67,47.8,26.9,25.4
5060700,248,66,48.5,51.5,0.0
5060732,8,66,48.5,31.8,19.7
5241415,2900,66,62.1,22.7,15.2
5239526,2168,66,47.0,19.7,33.3
5177122,2168,66,45.5,21.2,33.3
5174657,57,66,68.2,28.8,3.0
5242922,2561,65,36.9,49.2,13.8
5214642,356,65,38.5,18.5,43.1
4711255,127,65,44.6,36.9,18.5
5241342,2547,65,24.6,26.2,49.2
5174636,2603,65,72.3,7.7,20.0
5105449,228,64,60.9,34.4,4.7
5312348,338,64,76.6,9.4,14.1
5189001,6,64,65.6,29.7,4.7
5107273,2449,64,39.1,21.9,39.1
5314195,2561,64,42.2,48.4,9.4
5240545,2429,64,48.4,7.8,43.8
5241069,2541,64,34.4,31.2,34.4
5106037,2617,63,30.2,58.7,11.1
5175809,164,63,39.7,33.3,27.0
5079838,66,63,77.8,20.6,1.6
5105538,2439,63,36.5,28.6,34.9
5176643,2511,63,57.1,20.6,22.2
4684269,356,62,58.1,22.6,19.4
4901961,197,62,58.1,27.4,14.5
5060709,252,62,32.3,50.0,17.7
5240387,202,62,64.5,14.5,21.0
4873115,2724,62,59.7,40.3,0.0
5105624,251,62,1.6,32.3,66.1
5037876,2628,62,30.6,25.8,43.5
4838704,2460,62,43.5,32.3,24.2
4838721,238,61,14.8,18.0,67.2
5106652,2006,61,29.5,32.8,37.7
5095152,239,61,47.5,26.2,26.2
5122836,112358,61,44.3,32.8,23.0
5107986,47,61,63.9,21.3,14.8
5237588,70,60,45.0,35.0,20.0
5175368,2670,60,51.7,26.7,21.7
4699760,58,60,35.0,16.7,48.3
5314630,2750,60,36.7,31.7,31.7
4845368,2390,60,31.7,40.0,28.3
5054083,41,60,35.0,28.3,36.7
5060703,82,59,25.4,57.6,16.9
5095154,2,59,61.0,22.0,16.9
5176395,300,59,22.0,49.2,28.8
5248302,66,59,45.8,33.9,20.3
5241360,71,59,45.8,33.9,20.3
5239828,2429,59,47.5,20.3,32.2
4896620,2430,59,64.4,28.8,6.8
5188026,167,59,50.8,28.8,20.3
5314722,2501,59,32.2,33.9,33.9
5241363,2294,59,72.9,11.9,15.3
4837356,2390,58,22.4,43.1,34.5
5215425,2541,58,8.6,27.6,63.8
5175591,2509,58,20.7,24.1,55.2
5106706,2440,58,36.2,37.9,25.9
5106877,62,58,44.8,32.8,22.4
5105691,2426,58,34.5,50.0,15.5
5093142,2633,58,65.5,34.5,0.0
4898243,2385,58,32.8,39.7,27.6
5108093,2309,58,63.8,31.0,5.2
5108141,12,58,20.7,27.6,51.7
4684843,219,58,29.3,24.1,46.6
5311506,2,58,84.5,15.5,0.0
5176359,2541,57,24.6,47.4,28.1
5105546,8,57,63.2,36.8,0.0
5241409,2460,57,45.6,54.4,0.0
5175029,112358,57,26.3,49.1,24.6
5176187,338,57,71.9,5.3,22.8
5236333,2603,57,42.1,12.3,45.6
4858604,158,57,17.5,19.3,63.2
5176140,2724,57,28.1,29.8,42.1
5314535,2534,57,52.6,26.3,21.1
5313186,2378,57,31.6,31.6,36.8
5174860,2378,56,41.1,17.9,41.1
4701189,197,56,44.6,26.8,28.6
5236223,2439,56,60.7,35.7,3.6
5313560,58,56,25.0,19.6,55.4
4917097,139,56,46.4,10.7,42.9
5311523,145,56,12.5,57.1,30.4
5177185,43,56,30.4,25.0,44.6
5287474,150,56,33.9,16.1,50.0
4872740,127,56,58.9,23.2,17.9
5176237,167,55,70.9,18.2,10.9
4898010,2507,55,56.4,23.6,20.0
5105841,2633,55,74.5,25.5,0.0
4870564,66,55,49.1,27.3,23.6
4710354,2724,55,30.9,29.1,40.0
5242130,2335,55,40.0,25.5,34.5
5241608,249,55,52.7,21.8,25.5
4703912,66,55,56.4,14.5,29.1
5314297,2771,55,30.9,12.7,56.4
4711267,300,54,27.8,44.4,27.8
5060699,2046,54,85.2,14.8,0.0
4904206,94,54,51.9,5.6,42.6
5177301,2305,54,16.7,59.3,24.1
5314778,2449,54,46.3,25.9,27.8
5240934,309,54,51.9,37.0,11.1
4683860,152,54,63.0,35.2,1.9
5106863,156,54,51.9,24.1,24.1
5101809,2390,54,51.9,40.7,7.4
5174288,2405,53,41.5,37.7,20.8
5176355,2427,53,50.9,26.4,22.6
5311928,2628,53,45.3,32.1,22.6
5314574,2430,53,52.8,7.5,39.6
4432182,2272,53,49.1,11.3,39.6
4711262,2097,53,54.7,24.5,20.8
5314591,2617,53,34.0,28.3,37.7
4869770,2599,53,37.7,18.9,43.4
5105642,2599,53,24.5,32.1,43.4
5105801,179,53,56.6,26.4,17.0
5105494,328,53,54.7,20.8,24.5
5241756,2427,52,44.2,28.8,26.9
4898118,62,52,34.6,25.0,40.4
5144124,150,52,36.5,23.1,40.4
4906515,2737,52,40.4,17.3,42.3
5106727,119,52,7.7,51.9,40.4
4845373,25,52,32.7,32.7,34.6
5254171,202,52,38.5,17.3,44.2
5252505,2378,52,32.7,17.3,50.0
4898283,2567,52,19.2,36.5,44.2
5175974,2502,52,55.8,38.5,5.8
5176352,2287,52,28.8,19.2,51.9
5105658,2599,51,25.5,25.5,49.0
5241667,2116,51,58.8,35.3,5.9
4702484,333,51,23.5,13.7,62.7
4896557,231,51,43.1,17.6,39.2
4685650,45,51,43.1,25.5,31.4
5314460,104,51,47.1,37.3,15.7
5149115,2541,51,43.1,25.5,31.4
5176732,2653,50,60.0,12.0,28.0
5243053,193,50,46.0,10.0,44.0
5181250,2724,50,60.0,32.0,8.0
5106766,2193,50,38.0,26.0,36.0
5241846,166,50,40.0,40.0,20.0
5106283,2599,50,54.0,38.0,8.0
5175785,2168,50,70.0,18.0,12.0
5107069,2335,50,62.0,38.0,0.0
5144110,2511,50,78.0,20.0,2.0
5175657,179,50,22.0,40.0,38.0
5182573,2634,50,28.0,38.0,34.0
4897458,2737,50,30.0,32.0,38.0
5107358,350,50,54.0,36.0,10.0
4703115,2567,50,20.0,14.0,66.0
5196913,2250,50,56.0,26.0,18.0
5177211,2294,50,56.0,8.0,36.0
5176351,2287,50,34.0,38.0,28.0
4897478,2287,50,40.0,6.0,54.0
5105571,153,50,52.0,24.0,24.0
5180818,2572,50,62.0,32.0,6.0
5176232,258,50,18.0,34.0,48.0
5114350,238,49,18.4,28.6,53.1
5105837,194,49,36.7,32.7,30.6
5060705,264,49,49.0,38.8,12.2
5311890,2670,49,61.2,14.3,24.5
5060708,194,49,20.4,20.4,59.2
5107174,43,49,59.2,24.5,16.3
4873184,333,49,57.1,14.3,28.6
5241397,2623,49,85.7,14.3,0.0
5241754,43,49,42.9,28.6,28.6
5176136,231,49,57.1,40.8,2.0
4685802,52,49,36.7,32.7,30.6
4685687,2633,49,75.5,24.5,0.0
5108879,2217,49,32.7,30.6,36.7
4684443,45,49,73.5,26.5,0.0
5243366,2582,49,49.0,24.5,26.5
5315084,284,48,35.4,27.1,37.5
5177232,2016,48,64.6,27.1,8.3
4433285,142,48,43.8,43.8,12.5
4575837,526,48,39.6,25.0,35.4
5117648,2534,48,54.2,25.0,20.8
4897215,2097,48,50.0,16.7,33.3
4845365,2649,48,27.1,56.2,16.7
5210965,197,48,79.2,20.8,0.0
4701125,2377,48,25.0,43.8,31.2
5106280,2655,48,60.4,12.5,27.1
5196866,2378,48,47.9,37.5,14.6
5243381,2385,48,25.0,47.9,27.1
5061598,167,48,37.5,27.1,35.4
5107251,58,48,70.8,18.8,10.4
5176262,2309,48,72.9,20.8,6.2
5239571,158,48,41.7,8.3,50.0
5106253,155,48,31.2,22.9,45.8
4592677,158,48,12.5,37.5,50.0
5311734,2217,48,39.6,58.3,2.1
5105860,167,47,19.1,23.4,57.4
5107088,2511,47,10.6,4.3,85.1
5313696,2623,47,40.4,31.9,27.7
4702671,2287,47,19.1,31.9,48.9
5176261,2547,47,46.8,17.0,36.2
5315806,2460,47,72.3,27.7,0.0
5177703,2405,47,31.9,36.2,31.9
5176046,2142,47,68.1,21.3,10.6
5175976,2502,47,25.5,46.8,27.7
4873203,2294,47,25.5,4.3,70.2
4838717,350,47,55.3,44.7,0.0
5105817,127,47,74.5,23.4,2.1
5105619,2628,47,25.5,38.3,36.2
4704109,2427,47,59.6,21.3,19.1
4873086,248,47,31.9,38.3,29.8
5107298,94,47,44.7,17.0,38.3
4593739,2309,47,42.6,19.1,38.3
5314225,2649,47,29.8,31.9,38.3
5176315,23,47,38.3,38.3,23.4
5239523,2166,47,10.6,17.0,72.3
4707481,2750,47,63.8,17.0,19.1
5107312,2641,47,51.1,31.9,17.0
5105794,26,47,23.4,27.7,48.9
5106864,277,46,47.8,30.4,21.7
5175952,46,46,34.8,37.0,28.3
5176273,328,46,47.8,26.1,26.1
5241674,94,46,43.5,8.7,47.8
5142625,2599,46,21.7,13.0,65.2
5101833,333,46,50.0,15.2,34.8
5311842,2294,46,60.9,8.7,30.4
5106735,91,46,45.7,19.6,34.8
5314627,2750,46,58.7,26.1,15.2
4873146,2815,46,47.8,50.0,2.2
5313012,2250,46,28.3,10.9,60.9
5174599,45,46,26.1,4.3,69.6
5105889,2349,46,21.7,52.2,26.1
5107180,179,46,41.3,58.7,0.0
4712832,38,46,50.0,30.4,19.6
5242989,2634,46,52.2,37.0,10.9
4685654,252,46,32.6,17.4,50.0
5176039,104,46,34.8,17.4,47.8
5314720,2501,46,41.3,47.8,10.9
5240006,2511,45,55.6,17.8,26.7
4433596,277,45,71.1,24.4,4.4
4684627,25,45,15.6,24.4,60.0
4596531,2634,45,11.1,57.8,31.1
5107274,258,45,24.4,8.9,66.7
5258459,24,45,42.2,37.8,20.0
4711304,26,45,42.2,20.0,37.8
5105885,2737,45,46.7,13.3,40.0
5217196,66,45,20.0,28.9,51.1
5174800,2193,45,53.3,28.9,17.8
5180837,2239,45,60.0,22.2,17.8
5175589,36,45,44.4,11.1,44.4
4700527,2250,45,57.8,26.7,15.6
5105857,2724,45,86.7,13.3,0.0
5241311,2815,45,37.8,51.1,11.1
5107295,261,45,35.6,24.4,40.0
5105800,156,45,33.3,11.1,55.6
4712845,97,44,20.5,11.4,68.2
5312350,338,44,59.1,13.6,27.3
4703215,2504,44,36.4,20.5,43.2
5106674,193,44,43.2,22.7,34.1
5239707,139,44,70.5,22.7,6.8
5174611,197,44,29.5,50.0,20.5
5106291,2463,44,31.8,61.4,6.8
5107263,2437,44,65.9,18.2,15.9
5105529,2116,44,29.5,36.4,34.1
5312035,2509,44,11.4,43.2,45.5
4896505,113,44,56.8,43.2,0.0
4873151,152,44,31.8,13.6,54.5
5241452,2181,44,31.8,13.6,54.5
5314165,112358,44,52.3,13.6,34.1
5238195,57,44,36.4,34.1,29.5
5177539,2572,44,72.7,20.5,6.8
5196370,25,44,50.0,27.3,22.7
4682856,2737,44,75.0,25.0,0.0
4895746,77,44,38.6,29.5,31.8
5177275,2550,44,38.6,56.8,4.5
5109790,194,43,76.7,14.0,9.3
5105815,127,43,37.2,16.3,46.5
5175726,2377,43,23.3,41.9,34.9
5313886,2674,43,58.1,27.9,14.0
4701222,46,43,34.9,44.2,20.9
5241724,2534,43,34.9,11.6,53.5
5183809,139,43,37.2,7.0,55.8
5177691,249,43,69.8,16.3,14.0
5105662,2501,43,48.8,27.9,23.3
4897888,2534,43,67.4,32.6,0.0
5240935,2097,43,39.5,55.8,4.7
5176241,21,42,59.5,19.0,21.4
5176412,331,42,33.3,45.2,21.4
5107169,57,42,33.3,14.3,52.4
5179291,2698,42,40.5,28.6,31.0
5221321,2641,42,28.6,21.4,50.0
5174672,2670,42,52.4,28.6,19.0
5176268,325,42,57.1,42.9,0.0
5176669,256,42,59.5,16.7,23.8
5179085,228,42,35.7,31.0,33.3
5242985,2634,42,23.8,21.4,54.8
5150404,258,42,50.0,16.7,33.3
4896969,295,41,48.8,17.1,34.1
4896852,2272,41,41.5,24.4,34.1
4699440,228,41,48.8,24.4,26.8
5107144,228,41,24.4,17.1,58.5
5176031,2166,41,56.1,39.0,4.9
5105455,2717,41,56.1,14.6,29.3
5105698,2426,41,75.6,24.4,0.0
4895753,41,41,41.5,19.5,39.0
5176736,2653,41,56.1,17.1,26.8
5060721,2900,41,48.8,7.3,43.9
4895780,96,41,48.8,36.6,14.6
5241642,2449,41,63.4,17.1,19.5
5243405,2569,41,36.6,48.8,14.6
5242127,97,41,48.8,12.2,39.0
5176758,154,41,58.5,26.8,14.6
5101840,2567,41,36.6,61.0,2.4
5243189,2016,41,78.0,19.5,2.4
5238207,96,41,29.3,9.8,61.0
5234749,164,41,58.5,22.0,19.5
5060684,2116,41,34.1,17.1,48.8
4702962,2603,40,85.0,15.0,0.0
5107345,2717,40,55.0,15.0,30.0
5114809,2643,40,62.5,15.0,22.5
5313726,2405,40,42.5,55.0,2.5
5190926,2623,40,35.0,20.0,45.0
5106673,2428,40,55.0,40.0,5.0
5242619,2368,40,62.5,30.0,7.5
5313667,2348,40,25.0,32.5,42.5
5108081,154,40,25.0,32.5,42.5
4894452,154,40,55.0,12.5,32.5
5108877,219,40,10.0,62.5,27.5
5165276,61,40,32.5,12.5,55.0
5176077,2329,40,45.0,20.0,35.0
5105643,2305,40,32.5,30.0,37.5
5106293,201,40,67.5,32.5,0.0
5105719,2275,40,20.0,20.0,60.0
5242131,2272,40,55.0,32.5,12.5
4684289,2752,40,50.0,30.0,20.0
5313048,28,40,52.5,35.0,12.5
4685686,261,40,32.5,40.0,27.5
5195079,328,40,45.0,22.5,32.5
5236221,526,40,25.0,30.0,45.0
5105847,2006,40,40.0,50.0,10.0
5174624,2539,40,80.0,12.5,7.5
5241314,2000,40,50.0,25.0,25.0
5240417,2241,39,48.7,28.2,23.1
5176240,21,39,53.8,20.5,25.6
5060701,2641,39,30.8,20.5,48.7
5093252,193,39,28.2,12.8,59.0
4702158,2856,39,23.1,59.0,17.9
5143603,107,39,43.6,43.6,12.8
5176801,2511,39,66.7,28.2,5.1
5240903,279,39,28.2,38.5,33.3
5239582,2755,39,43.6,15.4,41.0
4897474,2460,39,35.9,33.3,30.8
4702784,97,39,43.6,28.2,28.2
5101648,2633,39,25.6,10.3,64.1
5313879,82,39,59.0,10.3,30.8
5144378,120,39,53.8,20.5,25.6
4897163,2815,39,56.4,38.5,5.1
4433625,238,39,51.3,41.0,7.7
5106841,45,39,51.3,23.1,25.6
5243387,295,39,66.7,30.8,2.6
5037875,2539,39,33.3,33.3,33.3
5107811,2561,39,15.4,2.6,82.1
5241310,2000,39,61.5,35.9,2.6
5177360,2413,39,35.9,28.2,35.9
5313752,2751,39,43.6,15.4,41.0
4684799,152,39,71.8,28.2,0.0
5311887,179,39,66.7,28.2,5.1
5044426,2305,38,76.3,23.7,0.0
5241618,2174,38,13.2,44.7,42.1
5105445,228,38,34.2,39.5,26.3
5107176,45,38,10.5,15.8,73.7
5107164,219,38,36.8,31.6,31.6
5242942,107,38,47.4,28.9,23.7
4701030,2670,38,21.1,21.1,57.9
5239825,261,38,52.6,28.9,18.4
5175802,2885,38,31.6,57.9,10.5
4895738,526,38,50.0,39.5,10.5
4897383,2184,38,31.6,42.1,26.3
4712902,221,38,60.5,36.8,2.6
5240971,275,38,15.8,7.9,76.3
5105471,3101,38,47.4,50.0,2.6
5242765,104,38,39.5,60.5,0.0
5110039,2567,38,44.7,21.1,34.2
5317314,2681,38,60.5,26.3,13.2
4873160,2385,38,55.3,36.8,7.9
4873100,145,37,21.6,13.5,64.9
5313131,2885,37,18.9,18.9,62.2
5107278,2449,37,73.0,13.5,13.5
5107204,62,37,35.1,40.5,24.3
5239676,2603,37,37.8,40.5,21.6
5037880,36,37,51.4,21.6,27.0
4433512,2244,37,29.7,32.4,37.8
5240027,2698,37,48.6,27.0,24.3
5311732,2217,37,16.2,37.8,45.9
5107242,139,37,64.9,13.5,21.6
5177098,45,37,32.4,29.7,37.8
5281370,264,37,62.2,16.2,21.6
4895776,194,37,54.1,29.7,16.2
5313927,21,37,27.0,45.9,27.0
5241491,2368,37,37.8,29.7,32.4
5106265,309,37,59.5,27.0,13.5
5313669,2348,37,40.5,27.0,32.4
5243039,2329,37,29.7,32.4,37.8
5105577,156,37,62.2,27.0,10.8
5108775,2428,37,45.9,21.6,32.4
5105464,258,37,45.9,13.5,40.5
5241606,2506,37,37.8,29.7,32.4
5176347,2181,37,24.3,8.1,67.6
5105461,2628,36,47.2,22.2,30.6
5241495,2275,36,41.7,27.8,30.6
5175671,2244,36,13.9,52.8,33.3
5313853,2287,36,55.6,19.4,25.0
5242126,338,36,30.6,44.4,25.0
4848628,2443,36,80.6,16.7,2.8
5144099,145,36,33.3,44.4,22.2
5175170,2440,36,61.1,38.9,0.0
5311991,2507,36,22.2,16.7,61.1
4702993,71,36,8.3,27.8,63.9
5107567,300,36,44.4,55.6,0.0
5177229,2115,36,55.6,27.8,16.7
5177217,2511,36,16.7,5.6,77.8
4937074,152,36,16.7,41.7,41.7
4683861,41,36,36.1,33.3,30.6
5313196,2739,36,80.6,5.6,13.9
5106731,350,36,25.0,25.0,50.0
5107970,135,36,50.0,13.9,36.1
4684296,2174,36,63.9,30.6,5.6
5241640,2449,36,25.0,22.2,52.8
5107287,277,36,25.0,25.0,50.0
5122918,71,36,66.7,30.6,2.8
5105980,139,36,63.9,25.0,11.1
5106880,228,36,25.0,19.4,55.6
4896936,2534,36,47.2,33.3,19.4
5174609,2350,36,47.2,52.8,0.0
5176333,292,35,54.3,8.6,37.1
5314190,2428,35,31.4,28.6,40.0
5245624,2628,35,31.4,28.6,40.0
5176735,2653,35,60.0,34.3,5.7
5239713,2670,35,48.6,31.4,20.0
4683777,8,35,40.0,20.0,40.0
4897873,2296,35,45.7,22.9,31.4
5176283,2294,35,88.6,11.4,0.0
5312176,111,35,45.7,31.4,22.9
5106728,350,35,25.7,20.0,54.3
5314481,2142,35,57.1,20.0,22.9
5105820,275,35,34.3,2.9,62.9
5177126,82,35,45.7,25.7,28.6
5176300,2458,35,42.9,45.7,11.4
5177606,2717,35,37.1,25.7,37.1
5177352,256,35,65.7,17.1,17.1
5105825,158,35,31.4,22.9,45.7
5242629,2771,35,11.4,48.6,40.0
5196946,194,34,55.9,8.8,35.3
5108062,2523,34,44.1,14.7,41.2
5108969,52,34,41.2,23.5,35.3
5107976,119,34,58.8,41.2,0.0
5241230,68,34,67.6,17.6,14.7
5176670,2428,34,52.9,26.5,20.6
4711258,139,34,29.4,8.8,61.8
5314553,2643,34,35.3,17.6,47.1
5314746,2755,34,70.6,29.4,0.0
5177054,2900,34,47.1,20.6,32.4
5149078,2132,34,26.5,52.9,20.6
5313662,526,34,73.5,14.7,11.8
4593815,245,34,47.1,26.5,26.5
5314163,112358,34,35.3,38.2,26.5
5176280,2294,34,38.2,23.5,38.2
5311735,2217,34,41.2,41.2,17.6
5107891,2546,34,26.5,50.0,23.5
4683748,198,34,41.2,17.6,41.2
4869767,2226,34,64.7,20.6,14.7
5314558,56,34,29.4,5.9,64.7
4897936,2856,34,20.6,26.5,52.9
5314476,2083,34,32.4,32.4,35.3
4702042,149,34,23.5,35.3,41.2
4712838,2751,34,50.0,23.5,26.5
5242555,2083,34,50.0,23.5,26.5
5174569,111,34,47.1,23.5,29.4
5174561,2010,33,57.6,9.1,33.3
4897051,2413,33,39.4,60.6,0.0
4704078,2116,33,15.2,66.7,18.2
5241408,2460,33,33.3,3.0,63.6
5177686,325,33,39.4,6.1,54.5
5176386,302,33,42.4,21.2,36.4
4712848,2110,33,45.5,21.2,33.3
5077373,2377,33,51.5,27.3,21.2
5177215,2750,33,39.4,6.1,54.5
5107804,21,33,39.4,9.1,51.5
5175011,204,33,48.5,30.3,21.2
5176425,2539,33,63.6,6.1,30.3
5243130,239,33,48.5,30.3,21.2
5243399,2169,33,27.3,51.5,21.2
5241732,219,33,18.2,45.5,36.4
4432692,43,33,60.6,21.2,18.2
5313381,2433,33,60.6,12.1,27.3
5314570,2430,33,39.4,6.1,54.5
5314339,2546,33,33.3,24.2,42.4
5312345,338,33,42.4,39.4,18.2
5174292,2325,33,66.7,21.2,12.1
4709320,2529,33,57.6,18.2,24.2
5174608,2729,32,56.2,9.4,34.4
5314477,2083,32,53.1,31.2,15.6
5176734,202,32,50.0,31.2,18.8
5313151,2349,32,28.1,34.4,37.5
4683682,245,32,34.4,34.4,31.2
5312048,275,32,46.9,3.1,50.0
4870569,222,32,84.4,15.6,0.0
5174291,222,32,15.6,28.1,56.2
5107350,2655,32,56.2,9.4,34.4
5175032,2132,32,40.6,28.1,31.2
5101865,198,32,40.6,9.4,50.0
5176400,2309,32,12.5,28.1,59.4
5142358,164,32,40.6,28.1,31.2
4873202,3084,32,46.9,53.1,0.0
5177579,2296,32,53.1,21.9,25.0
4845382,2166,32,31.2,12.5,56.2
5243000,2184,32,46.9,18.8,34.4
4592477,2169,32,53.1,21.9,25.0
5311938,277,32,40.6,21.9,37.5
5182413,2166,32,18.8,46.9,34.4
4684733,2670,32,56.2,15.6,28.1
4901166,2449,32,18.8,3.1,78.1
5107563,70,32,40.6,15.6,43.8
5176091,2426,32,34.4,18.8,46.9
5101794,71,32,50.0,25.0,25.0
5156117,2507,32,46.9,37.5,15.6
4712836,153,32,62.5,18.8,18.8
4897617,2097,31,45.2,19.4,35.5
5107070,2335,31,19.4,22.6,58.1
5241424,250,31,58.1,32.3,9.7
5241234,36,31,38.7,16.1,45.2
5240539,2599,31,58.1,22.6,19.4
5175672,2506,31,29.0,32.3,38.7
5176209,2193,31,41.9,32.3,25.8
5108917,70,31,54.8,25.8,19.4
5240524,46,31,58.1,32.3,9.7
5311908,252,31,19.4,0.0,80.6
5119063,2440,31,32.3,22.6,45.2
5177104,277,31,16.1,51.6,32.3
5190922,2504,31,87.1,12.9,0.0
5183293,250,31,61.3,29.0,9.7
5243369,2582,31,54.8,19.4,25.8
5312891,2046,31,64.5,6.5,29.0
5239780,2110,31,58.1,6.5,35.5
5243136,292,31,48.4,25.8,25.8
5105569,2752,31,45.2,29.0,25.8
5174637,2309,31,25.8,35.5,38.7
4432741,2627,31,48.4,38.7,12.9
5105981,2463,31,9.7,35.5,54.8
5241070,302,31,35.5,38.7,25.8
4897361,113,31,22.6,16.1,61.3
5106732,350,31,41.9,38.7,19.4
5142584,23,31,38.7,29.0,32.3
5240023,2428,31,48.4,51.6,0.0
5106275,2306,31,48.4,38.7,12.9
5314226,2649,31,25.8,35.5,38.7
5312885,2046,31,61.3,22.6,16.1
4711306,96,31,58.1,32.3,9.7
5105890,202,30,33.3,16.7,50.0
5311730,2217,30,30.0,43.3,26.7
5105987,2670,30,23.3,23.3,53.3
4897337,2447,30,36.7,40.0,23.3
5107355,2641,30,23.3,10.0,66.7
5313152,2349,30,16.7,33.3,50.0
5105593,50,30,36.7,13.3,50.0
5242437,2815,30,26.7,36.7,36.7
4895740,344,30,16.7,56.7,26.7
5312144,2182,30,53.3,10.0,36.7
5041945,2168,30,56.7,16.7,26.7
5175065,47,30,16.7,10.0,73.3
5242598,2405,30,30.0,40.0,30.0
5176681,61,30,40.0,16.7,43.3
4791227,238,30,46.7,23.3,30.0
5108770,36,30,33.3,6.7,60.0
5176086,2426,30,23.3,23.3,53.3
5105641,46,30,70.0,23.3,6.7
5176372,28,30,20.0,23.3,56.7
4915060,2116,30,63.3,33.3,3.3
5041958,2305,30,56.7,33.3,10.0
5176133,231,30,56.7,16.7,26.7
5313265,2502,30,60.0,13.3,26.7
5314377,2630,30,23.3,46.7,30.0
5108973,328,30,43.3,53.3,3.3
4702976,2378,30,66.7,33.3,0.0
5108073,2582,30,20.0,33.3,46.7
5242980,2429,30,13.3,13.3,73.3
5314587,2617,29,13.8,10.3,75.9
5115458,2649,29,44.8,10.3,44.8
5313925,21,29,86.2,13.8,0.0
5196877,152,29,41.4,20.7,37.9
5176752,2097,29,34.5,58.6,6.9
5240980,2608,29,31.0,20.7,48.3
5174955,2608,29,44.8,34.5,20.7
5221322,77,29,44.8,17.2,37.9
5239624,2182,29,48.3,27.6,24.1
5107377,2473,29,13.8,17.2,69.0
5312188,2619,29,48.3,24.1,27.6
5105486,251,29,58.6,31.0,10.3
5175171,139,29,31.0,17.2,51.7
5107841,62,29,44.8,24.1,31.0
5103589,2628,29,3.4,51.7,44.8
4683147,2250,29,65.5,34.5,0.0
4702629,300,29,27.6,41.4,31.0
5105337,150,29,96.6,0.0,3.4
5243344,2296,29,37.9,3.4,58.6
5108809,2443,29,24.1,24.1,51.7
5142709,2390,29,34.5,27.6,37.9
4684152,3101,29,37.9,31.0,31.0
5313453,2241,29,65.5,24.1,10.3
5311972,120,29,62.1,13.8,24.1
5241283,304,29,51.7,31.0,17.2
5313268,2572,29,31.0,17.2,51.7
5311580,2197,29,24.1,41.4,34.5
5113390,250,29,58.6,10.3,31.0
5182581,2378,29,31.0,34.5,34.5
5314573,2430,29,31.0,34.5,34.5
5243278,2747,29,62.1,17.2,20.7
5314870,250,29,79.3,13.8,6.9
4433606,2547,29,31.0,27.6,41.4
5243345,2296,29,58.6,31.0,10.3
5189257,9,29,41.4,34.5,24.1
5243212,61,29,13.8,34.5,51.7
4432494,2449,29,41.4,58.6,0.0
5176321,331,29,48.3,51.7,0.0
5313693,2623,29,31.0,13.8,55.2
5237300,221,29,48.3,24.1,27.6
5314760,155,29,37.9,27.6,34.5
5107272,167,29,34.5,17.2,48.3
5240353,2184,29,48.3,20.7,31.0
5243127,2751,29,37.9,44.8,17.2
5182412,222,28,17.9,32.1,50.0
4683842,295,28,60.7,35.7,3.6
5177233,254,28,46.4,53.6,0.0
4873111,127,28,28.6,14.3,57.1
5312288,221,28,64.3,17.9,17.9
5241273,239,28,3.6,17.9,78.6
5313378,249,28,71.4,14.3,14.3
4612709,2272,28,10.7,3.6,85.7
5241251,23,28,39.3,14.3,46.4
5103590,36,28,21.4,21.4,57.1
5317320,2681,28,42.9,50.0,7.1
5108023,120,28,35.7,17.9,46.4
5106274,2029,28,46.4,46.4,7.1
5314805,2504,28,57.1,17.9,25.0
5106588,2729,28,85.7,0.0,14.3
5196914,2633,28,17.9,42.9,39.3
4898343,2197,28,17.9,53.6,28.6
4898348,304,28,35.7,28.6,35.7
5313139,2547,28,32.1,21.4,46.4
5241686,309,28,28.6,32.1,39.3
5174665,356,28,50.0,7.1,42.9
5174594,2382,28,39.3,46.4,14.3
5106598,325,28,46.4,39.3,14.3
5105604,328,28,46.4,32.1,21.4
5243018,2529,28,21.4,28.6,50.0
4897175,50,28,60.7,28.6,10.7
4702046,30,28,46.4,42.9,10.7
5240005,2511,28,32.1,14.3,53.6
5315245,2717,28,32.1,28.6,39.3
4873143,2515,28,42.9,39.3,17.9
5176780,98,28,57.1,28.6,14.3
5215269,2174,28,42.9,21.4,35.7
4896370,261,28,10.7,17.9,71.4
4897479,526,28,53.6,39.3,7.1
5106702,2405,28,35.7,28.6,35.7
5105472,62,28,57.1,14.3,28.6
5177572,2010,28,50.0,17.9,32.1
4905542,2582,28,60.7,39.3,0.0
5174982,158,28,50.0,21.4,28.6
5314736,292,28,57.1,17.9,25.0
5101849,96,28,82.1,14.3,3.6
5241690,58,28,75.0,7.1,17.9
5243273,112358,28,57.1,14.3,28.6
5242423,2197,28,46.4,53.6,0.0
5185563,301,28,57.1,10.7,32.1
5243230,231,27,48.1,22.2,29.6
5313884,2674,27,18.5,33.3,48.1
5174971,57,27,59.3,40.7,0.0
5241931,300,27,51.9,37.0,11.1
5241592,2272,27,7.4,11.1,81.5
5176662,2253,27,63.0,14.8,22.2
4702226,301,27,29.6,25.9,44.4
5313915,2440,27,51.9,18.5,29.6
5176444,9,27,77.8,22.2,0.0
5239749,2428,27,29.6,29.6,40.7
4700859,2335,27,66.7,22.2,11.1
5037878,258,27,63.0,22.2,14.8
4432589,2031,27,25.9,55.6,18.5
5313324,2309,27,29.6,7.4,63.0
5119069,2454,27,48.1,14.8,37.0
5174574,2168,27,51.9,29.6,18.5
5242121,79,27,18.5,63.0,18.5
5101673,2752,27,48.1,3.7,48.1
5111629,2550,27,66.7,11.1,22.2
5177575,2000,27,66.7,22.2,11.1
4684293,50,27,70.4,22.2,7.4
5108082,2443,27,37.0,37.0,25.9
5175796,2097,27,74.1,22.2,3.7
5107275,2437,27,25.9,29.6,44.4
4869737,264,27,44.4,22.2,33.3
5105778,2182,27,18.5,51.9,29.6
5239525,13,27,44.4,33.3,22.2
5281369,66,27,92.6,7.4,0.0
5313939,2439,27,11.1,14.8,74.1
5108909,350,27,33.3,37.0,29.6
5313941,2439,27,33.3,22.2,44.4
4684155,25,26,26.9,7.7,65.4
5107626,71,26,50.0,23.1,26.9
5106867,28,26,23.1,38.5,38.5
4838752,2244,26,30.8,42.3,26.9
4896862,245,26,50.0,34.6,15.4
4872739,2305,26,61.5,26.9,11.5
5176087,2426,26,42.3,46.2,11.5
5243109,2750,26,53.8,15.4,30.8
5107830,2547,26,38.5,23.1,38.5
5152656,2641,26,76.9,19.2,3.8
4685658,333,26,34.6,7.7,57.7
5313112,331,26,57.7,30.8,11.5
5101660,248,26,11.5,11.5,76.9
5241658,2523,26,57.7,26.9,15.4
5240529,2429,26,76.9,15.4,7.7
4873181,153,26,46.2,19.2,34.6
5240745,2653,26,46.2,23.1,30.8
5238208,197,26,34.6,38.5,26.9
5175037,154,26,65.4,7.7,26.9
4585602,357,26,42.3,19.2,38.5
5313880,82,26,30.8,23.1,46.2
5101624,149,26,23.1,30.8,46.2
4897302,2674,26,38.5,42.3,19.2
5239782,2110,26,46.2,0.0,53.8
4684167,2463,26,7.7,50.0,42.3
5106590,70,26,42.3,19.2,38.5
5313005,302,26,50.0,30.8,19.2
5177534,2130,26,76.9,23.1,0.0
5106684,302,26,11.5,38.5,50.0
5240685,326,25,60.0,32.0,8.0
5313731,2523,25,12.0,44.0,44.0
5171688,2900,25,48.0,20.0,32.0
4698718,324,25,44.0,28.0,28.0
4433286,339,25,48.0,32.0,20.0
5174642,290,25,32.0,0.0,68.0
5107220,2737,25,68.0,32.0,0.0
5175066,2582,25,68.0,32.0,0.0
5105781,2182,25,68.0,32.0,0.0
4897465,264,25,12.0,8.0,80.0
5241607,2174,25,28.0,28.0,44.0
5239812,399,25,0.0,64.0,36.0
5105454,2752,25,32.0,24.0,44.0
5175673,2506,25,44.0,56.0,0.0
5107524,2506,25,72.0,28.0,0.0
5241470,2006,25,40.0,16.0,44.0
4685664,256,25,68.0,16.0,16.0
5176517,2086,25,60.0,32.0,8.0
4703411,127,25,36.0,12.0,52.0
5241611,249,25,48.0,20.0,32.0
5241635,2739,25,76.0,16.0,8.0
5176814,2739,25,44.0,12.0,44.0
5242420,2197,25,32.0,56.0,12.0
4897432,158,25,48.0,24.0,28.0
5176787,2250,25,36.0,28.0,36.0
5105816,152,25,44.0,20.0,36.0
5176246,2239,25,48.0,28.0,24.0
4611534,201,25,12.0,16.0,72.0
5075230,156,25,44.0,8.0,48.0
4431930,227,25,20.0,24.0,56.0
5242999,2630,25,20.0,36.0,44.0
5101653,193,25,8.0,48.0,44.0
5312315,2239,25,12.0,24.0,64.0
5313575,2443,25,40.0,56.0,4.0
5176084,2426,25,40.0,12.0,48.0
4683761,2226,25,24.0,28.0,48.0
5313883,2674,25,12.0,28.0,60.0
5176173,2643,25,40.0,8.0,52.0
5239632,2275,25,44.0,32.0,24.0
5107477,2413,25,44.0,48.0,8.0
5240883,204,25,32.0,16.0,52.0
5144166,142,25,52.0,36.0,12.0
5314576,2430,25,32.0,20.0,48.0
5108796,179,25,36.0,20.0,44.0
5311967,97,24,95.8,4.2,0.0
5105560,2619,24,50.0,45.8,4.2
4823976,91,24,58.3,20.8,20.8
5325879,50,24,58.3,25.0,16.7
5313292,2692,24,66.7,20.8,12.5
4598611,2132,24,16.7,12.5,70.8
5106285,245,24,25.0,16.7,58.3
5241269,331,24,58.3,25.0,16.7
5313358,326,24,58.3,41.7,0.0
5316220,47,24,37.5,41.7,20.8
5313068,2247,24,79.2,12.5,8.3
4683947,279,24,16.7,29.2,54.2
5317332,2569,24,16.7,12.5,70.8
5313454,2241,24,16.7,12.5,70.8
5175360,2443,24,91.7,8.3,0.0
5314484,107,24,41.7,41.7,16.7
5175146,82,24,50.0,50.0,0.0
5152763,41,24,75.0,25.0,0.0
5105402,164,24,50.0,45.8,4.2
5313171,304,24,29.2,50.0,20.8
4873105,259,24,50.0,33.3,16.7
4701217,62,24,33.3,16.7,50.0
5176417,160,24,62.5,33.3,4.2
5177520,2010,24,45.8,16.7,37.5
4702497,2217,24,16.7,37.5,45.8
5239649,2448,24,75.0,25.0,0.0
4683782,2655,24,20.8,12.5,66.7
4702680,2535,24,33.3,4.2,62.5
5107321,2514,24,58.3,25.0,16.7
5241624,198,24,41.7,4.2,54.2
4901934,94,24,70.8,4.2,25.0
5106775,2127,24,62.5,12.5,25.0
5174568,135,24,20.8,8.3,70.8
5241002,301,24,50.0,37.5,12.5
4711260,2649,24,70.8,29.2,0.0
5247158,2413,24,20.8,54.2,25.0
5239775,302,24,37.5,41.7,20.8
5125176,2724,24,83.3,16.7,0.0
5176399,3084,24,16.7,16.7,66.7
4845370,2440,24,20.8,66.7,12.5
5312926,2110,23,39.1,17.4,43.5
5176058,107,23,13.0,43.5,43.5
5241429,2674,23,39.1,39.1,21.7
5108006,195,23,78.3,17.4,4.3
5313212,85,23,52.2,43.5,4.3
5311912,38,23,52.2,30.4,17.4
5241913,154,23,47.8,30.4,21.7
5176402,154,23,43.5,39.1,17.4
5313281,94,23,47.8,21.7,30.4
5177137,2751,23,69.6,8.7,21.7
5178199,2065,23,73.9,17.4,8.7
5241700,2750,23,87.0,8.7,4.3
5241471,2006,23,60.9,4.3,34.8
4685004,2561,23,60.9,39.1,0.0
5240746,2653,23,39.1,21.7,39.1
5176770,338,23,43.5,8.7,47.8
5106843,2377,23,21.7,13.0,65.2
5312451,290,23,21.7,13.0,65.2
5075626,2132,23,60.9,30.4,8.7
5108049,2450,23,30.4,30.4,39.1
4897982,3101,23,26.1,21.7,52.2
5312326,2729,23,47.8,17.4,34.8
5243012,2630,23,60.9,26.1,13.0
4710770,2579,23,43.5,17.4,39.1
4896363,328,23,78.3,13.0,8.7
5106620,284,23,65.2,17.4,17.4
5106767,2450,23,47.8,34.8,17.4
5311530,245,23,26.1,4.3,69.6
5176426,2539,23,26.1,21.7,52.2
5105988,2529,23,34.8,21.7,43.5
5105657,24,23,43.5,56.5,0.0
5101808,2,23,39.1,13.0,47.8
5105821,2253,23,73.9,21.7,4.3
5107857,135,23,78.3,21.7,0.0
5144135,2239,23,47.8,47.8,4.3
4704015,276,23,65.2,8.7,26.1
5105785,99,23,30.4,43.5,26.1
5106628,284,23,43.5,8.7,47.8
5263816,2415,23,65.2,30.4,4.3
5238200,57,23,34.8,21.7,43.5
5107299,2368,23,17.4,43.5,39.1
5144372,57,22,45.5,22.7,31.8
5314562,56,22,31.8,13.6,54.5
5176773,2534,22,40.9,18.2,40.9
5144139,333,22,40.9,13.6,45.5
5314773,2400,22,31.8,36.4,31.8
5176313,193,22,22.7,4.5,72.7
5176674,2617,22,22.7,9.1,68.2
5242807,2011,22,50.0,13.6,36.4
5240664,2415,22,40.9,31.8,27.3
5313754,2751,22,63.6,31.8,4.5
5313173,304,22,63.6,27.3,9.1
5105859,193,22,54.5,22.7,22.7
5243378,2385,22,40.9,59.1,0.0
5242764,104,22,18.2,18.2,63.6
5241246,2350,22,13.6,13.6,72.7
5108022,2350,22,27.3,27.3,45.5
5176946,155,22,36.4,4.5,59.1
4897504,276,22,54.5,18.2,27.3
5144086,269,22,50.0,9.1,40.9
4700841,2026,22,59.1,22.7,18.2
5239763,91,22,50.0,22.7,27.3
5314171,2379,22,90.9,9.1,0.0
5243019,2529,22,18.2,9.1,72.7
5105495,3084,22,45.5,22.7,31.8
4700968,2755,22,63.6,9.1,27.3
5313873,93,22,54.5,31.8,13.6
5177040,259,22,45.5,31.8,22.7
5177702,2000,22,27.3,13.6,59.1
5105551,113,22,40.9,45.5,13.6
5106611,2169,22,40.9,50.0,9.1
4700973,2737,22,63.6,18.2,18.2
5177732,2440,22,22.7,40.9,36.4
5241489,2241,22,63.6,36.4,0.0
5106610,2097,22,40.9,27.3,31.8
5196931,127,22,9.1,36.4,54.5
5176481,2608,22,68.2,31.8,0.0
5174614,113,22,50.0,50.0,0.0
5176049,2142,22,59.1,9.1,31.8
5177699,2447,22,54.5,31.8,13.6
5175415,2230,22,40.9,45.5,13.6
5241633,2142,22,40.9,13.6,45.5
5101782,23,22,72.7,13.6,13.6
5240029,2698,22,27.3,31.8,40.9
4895755,231,22,18.2,9.1,72.7
5240973,2501,22,27.3,27.3,45.5
4903264,278,21,47.6,9.5,42.9
4432196,142,21,47.6,9.5,42.9
5237434,38,21,19.0,28.6,52.4
4683672,25,21,95.2,4.8,0.0
5174853,70,21,33.3,28.6,38.1
5178211,2856,21,42.9,57.1,0.0
5313695,2623,21,52.4,4.8,42.9
4709141,333,21,4.8,9.5,85.7
5242905,2514,21,71.4,4.8,23.8
5152729,38,21,33.3,19.0,47.6
5177707,2870,21,57.1,14.3,28.6
5240082,55,21,71.4,14.3,14.3
5243190,2016,21,47.6,33.3,19.0
5107209,279,21,47.6,14.3,38.1
5241914,357,21,23.8,38.1,38.1
5314838,2582,21,23.8,19.0,57.1
4683768,294,21,23.8,42.9,33.3
4873161,2193,21,57.1,28.6,14.3
5108718,292,21,23.8,14.3,61.9
5176382,2582,21,71.4,23.8,4.8
5243038,28,21,28.6,4.8,66.7
5101765,58,21,61.9,38.1,0.0
5175759,2229,21,33.3,38.1,28.6
5174981,26,21,81.0,14.3,4.8
5105626,26,21,42.9,19.0,38.1
5183925,58,21,81.0,4.8,14.3
5313170,304,21,33.3,4.8,61.9
4910887,2239,21,42.9,23.8,33.3
5144105,222,21,14.3,52.4,33.3
5107161,3084,21,57.1,28.6,14.3
5149083,251,21,28.6,57.1,14.3
5314509,231,21,57.1,9.5,33.3
5243404,2569,21,61.9,19.0,19.0
5101658,2509,21,14.3,9.5,76.2
5144097,153,21,0.0,38.1,61.9
4683734,2046,21,28.6,4.8,66.7
4845378,2344,21,57.1,42.9,0.0
4848619,2086,21,42.9,23.8,33.3
5070505,2348,21,61.9,9.5,28.6
5177188,2084,21,9.5,19.0,71.4
5175677,2502,21,52.4,28.6,19.0
4703837,2550,21,33.3,33.3,33.3
5175973,21,21,47.6,42.9,9.5
5240641,6,20,15.0,25.0,60.0
5239829,2181,20,20.0,45.0,35.0
5175943,290,20,80.0,20.0,0.0
5176799,56,20,75.0,25.0,0.0
5107453,166,20,45.0,15.0,40.0
5108143,140,20,70.0,10.0,20.0
5041934,113,20,45.0,30.0,25.0
5241061,2501,20,35.0,65.0,0.0
5175016,111,20,25.0,15.0,60.0
4683675,221,20,20.0,30.0,50.0
5313592,2447,20,60.0,25.0,15.0
4897978,166,20,30.0,45.0,25.0
5105840,2006,20,0.0,5.0,95.0
5313269,2572,20,30.0,35.0,35.0
5313656,2724,20,55.0,40.0,5.0
5315592,2385,20,25.0,50.0,25.0
5238184,2567,20,70.0,30.0,0.0
5061569,46,20,35.0,15.0,50.0
4870444,301,20,20.0,15.0,65.0
5126036,2226,20,50.0,30.0,20.0
5242407,284,20,5.0,35.0,60.0
5105975,2447,20,25.0,25.0,50.0
5176361,2541,20,45.0,30.0,25.0
5108915,2010,20,55.0,20.0,25.0
4896884,2579,20,40.0,40.0,20.0
5101788,156,20,60.0,5.0,35.0
5106261,2390,20,85.0,15.0,0.0
5243208,2454,20,10.0,25.0,65.0
5109789,2541,20,35.0,10.0,55.0
4897485,2739,20,45.0,25.0,30.0
5313202,6,20,50.0,50.0,0.0
5105431,2296,20,30.0,55.0,15.0
5177370,2546,20,30.0,50.0,20.0
5312322,119,20,40.0,35.0,25.0
5242992,2515,20,50.0,0.0,50.0
4872743,2351,20,80.0,10.0,10.0
5174317,2029,20,60.0,40.0,0.0
5107271,2193,20,80.0,15.0,5.0
5311903,9,20,60.0,20.0,20.0
5243128,357,20,45.0,40.0,15.0
5105822,2350,20,50.0,15.0,35.0
5107844,147,20,30.0,35.0,35.0
5101691,202,20,65.0,35.0,0.0
5144165,135,20,50.0,15.0,35.0
5240686,2349,20,50.0,45.0,5.0
5177298,2771,20,15.0,20.0,65.0
5221320,264,20,60.0,15.0,25.0
5060727,149,20,20.0,25.0,55.0
5176530,2678,20,50.0,35.0,15.0
5312060,2226,20,55.0,35.0,10.0
5176166,2448,20,20.0,55.0,25.0
5119095,2335,20,65.0,5.0,30.0
5105448,52,20,15.0,45.0,40.0
5105615,300,20,65.0,35.0,0.0
5242622,2368,20,45.0,45.0,10.0
4895789,261,20,50.0,45.0,5.0
5107807,2261,20,45.0,30.0,25.0
4703899,2439,20,35.0,35.0,30.0
4848630,2515,20,40.0,35.0,25.0
5105562,120,20,80.0,15.0,5.0
5241454,2571,20,20.0,30.0,50.0
5109019,275,20,25.0,0.0,75.0
5175080,2747,20,45.0,20.0,35.0
4905250,154,20,30.0,20.0,50.0
5241753,43,20,15.0,45.0,40.0
5174612,295,19,,,
4711279,2655,19,,,
5107701,2447,19,,,
5313674,294,19,,,
5242279,2016,19,,,
4897209,2541,19,,,
5243339,2010,19,,,
5314641,2172,19,,,
5176713,2330,19,,,
5242553,2083,19,,,
5095063,2437,19,,,
5177736,356,19,,,
5313852,2287,19,,,
5313085,2803,19,,,
5175665,2344,19,,,
4567588,2116,19,,,
4684984,2275,19,,,
5242974,2546,19,,,
5242973,2546,19,,,
5314516,2352,19,,,
5317316,2681,19,,,
5247705,2130,19,,,
5177608,2640,19,,,
5142710,2633,19,,,
4703572,2335,19,,,
5041949,2507,19,,,
5254333,2348,19,,,
5314503,2329,19,,,
4897951,2382,19,,,
5106734,2729,19,,,
4898228,2619,19,,,
5175712,2429,19,,,
4684022,2084,19,,,
5174293,2655,19,,,
5175069,2116,19,,,
4683756,2,19,,,
4432749,23,19,,,
5315598,149,19,,,
4884257,197,19,,,
5281347,96,19,,,
5107890,85,19,,,
4920142,277,19,,,
5176153,245,19,,,
5315596,149,19,,,
5105876,84,19,,,
5037881,142,19,,,
5105758,233,19,,,
5175842,204,19,,,
5241755,43,19,,,
5102798,145,19,,,
5241359,71,19,,,
5105855,251,19,,,
5144388,201,19,,,
5177530,50,19,,,
5105811,239,19,,,
4684596,130,19,,,
5175017,111,19,,,
5312014,153,19,,,
5313213,85,19,,,
5107880,233,19,,,
5176781,2466,18,,,
5104196,309,18,,,
5311969,97,18,,,
5313450,2127,18,,,
5226071,77,18,,,
5177355,2378,18,,,
5254159,38,18,,,
5240033,2698,18,,,
5102618,2509,18,,,
5239748,2046,18,,,
5239529,2184,18,,,
5241706,2754,18,,,
5242964,2352,18,,,
4703833,2492,18,,,
5311862,2325,18,,,
5241366,2294,18,,,
5183875,2608,18,,,
5105791,344,18,,,
5108092,2174,18,,,
5109782,2032,18,,,
5215271,2540,18,,,
4712866,156,18,,,
5175797,399,18,,,
4711402,61,18,,,
5108011,195,18,,,
5240882,183,18,,,
5177678,56,18,,,
5243002,2630,18,,,
5242946,253,18,,,
5314849,253,18,,,
5183379,2640,18,,,
5106453,218,18,,,
5314506,2329,18,,,
5313836,2181,18,,,
5177116,2363,18,,,
5105468,3084,18,,,
5105457,9,18,,,
5242602,2229,18,,,
5312922,2110,18,,,
5107655,2565,18,,,
5107317,195,18,,,
5313054,265,18,,,
5101668,46,18,,,
5312338,2229,18,,,
5175001,2523,18,,,
5243088,2617,18,,,
4898280,2363,18,,,
5107410,6,18,,,
5176176,2612,18,,,
5107789,2016,18,,,
5241647,155,18,,,
5242601,166,18,,,
4685659,139,17,,,
5264730,164,17,,,
5177048,2571,17,,,
5175009,24,17,,,
4683769,2483,17,,,
4845380,2193,17,,,
4709142,279,17,,,
5107653,2379,17,,,
5176150,356,17,,,
5149117,2393,17,,,
5106881,2393,17,,,
5314751,233,17,,,
5241376,2277,17,,,
5176362,116,17,,,
5106703,2405,17,,,
5108991,2168,17,,,
5240271,2641,17,,,
5105971,526,17,,,
5313192,261,17,,,
5241395,2623,17,,,
5176788,45,17,,,
4898230,45,17,,,
5314444,44,17,,,
5105694,2426,17,,,
5314326,2413,17,,,
5240749,2653,17,,,
4904924,2504,17,,,
5101676,269,17,,,
5174957,2272,17,,,
5243049,349,17,,,
5061576,164,17,,,
4684720,218,17,,,
5174805,164,17,,,
5176196,36,17,,,
5314309,2031,17,,,
5106055,2032,17,,,
5115866,2698,17,,,
5107977,2415,17,,,
5313893,2005,17,,,
5106053,2430,17,,,
5107259,314,17,,,
5107154,2754,17,,,
5105647,252,17,,,
4702464,290,17,,,
5174319,2550,17,,,
4683146,245,17,,,
5242439,2815,17,,,
5196954,2244,17,,,
4897534,2351,17,,,
5105587,98,17,,,
5313164,98,17,,,
5313370,193,17,,,
5313206,6,17,,,
4703804,2325,17,,,
5177557,2755,17,,,
5177284,2241,17,,,
5241920,302,17,,,
4897761,2169,17,,,
4895795,99,17,,,
5107346,324,17,,,
5314734,292,17,,,
5241257,2463,17,,,
4873209,150,17,,,
4684628,2540,17,,,
5182601,325,17,,,
5101799,2539,17,,,
5314331,2565,17,,,
5245765,3101,17,,,
5107858,2458,17,,,
5177250,2330,17,,,
5311759,238,17,,,
5312312,2239,17,,,
5241382,3084,17,,,
5106313,149,16,,,
5313938,161,16,,,
5237444,38,16,,,
5144147,2509,16,,,
5313932,161,16,,,
4845358,305,16,,,
5174557,183,16,,,
5177187,43,16,,,
5314705,357,16,,,
5243086,2649,16,,,
5105982,5,16,,,
5311527,2633,16,,,
5175727,2634,16,,,
5101681,2168,16,,,
5242916,2330,16,,,
5311844,258,16,,,
5176263,2439,16,,,
5176171,2643,16,,,
5174661,61,16,,,
4711691,2010,16,,,
5314753,233,16,,,
5108105,2182,16,,,
5101798,127,16,,,
4897501,2348,16,,,
5109020,2900,16,,,
5241610,249,16,,,
5314472,236,16,,,
5241646,155,16,,,
5176305,70,16,,,
5144092,250,16,,,
5144380,156,16,,,
5311582,2197,16,,,
5177722,16,16,,,
5175900,172,16,,,
5107148,2752,16,,,
5175898,172,16,,,
5176783,2464,16,,,
4897938,2464,16,,,
5241344,2547,16,,,
4432175,2250,16,,,
5106247,172,16,,,
5105805,235,16,,,
5239628,2737,16,,,
4909271,2198,16,,,
4702467,222,16,,,
4895787,2031,16,,,
5106806,2750,16,,,
5241380,66,16,,,
5105426,28,16,,,
5174634,2603,16,,,
5105633,24,16,,,
4432586,2483,16,,,
5313243,270,16,,,
5106632,2433,16,,,
5033017,2540,16,,,
5177687,2681,16,,,
4684276,333,16,,,
5317273,2169,16,,,
5313150,276,16,,,
5101664,221,15,,,
4838723,213,15,,,
5312025,213,15,,,
5176756,2261,15,,,
5314463,104,15,,,
5108148,2065,15,,,
5311849,2166,15,,,
5241605,2506,15,,,
5240018,56,15,,,
5239546,2083,15,,,
5314644,219,15,,,
5177741,140,15,,,
5177677,56,15,,,
5176763,2393,15,,,
4067423,58,15,,,
5175850,91,15,,,
4710359,2057,15,,,
5314461,104,15,,,
5313031,2608,15,,,
5176798,2026,15,,,
4896534,82,15,,,
5081887,68,15,,,
5107670,2127,15,,,
5252289,256,15,,,
5105548,235,15,,,
5106459,2437,15,,,
5243188,2016,15,,,
4712834,2529,15,,,
4895747,2247,15,,,
5105539,2433,15,,,
5176159,2515,15,,,
5176160,245,15,,,
5241617,2174,15,,,
5175033,2132,15,,,
5177516,2617,15,,,
5196876,2132,15,,,
5144141,77,15,,,
5175369,62,15,,,
5242908,2514,15,,,
4683944,2057,15,,,
5107866,239,15,,,
5176754,2026,15,,,
5257916,2454,15,,,
4898278,2306,15,,,
5174984,2351,15,,,
5105444,232,15,,,
5312163,2275,15,,,
5313847,339,15,,,
5176731,2653,15,,,
5259011,2755,15,,,
5108046,2449,15,,,
5314499,2193,15,,,
5101689,264,15,,,
5176771,204,15,,,
4897054,314,15,,,
5243343,2296,15,,,
5176275,2350,15,,,
5313191,261,15,,,
5176082,2352,15,,,
5242269,13,15,,,
5239836,2226,15,,,
5314723,2501,15,,,
5107438,2640,15,,,
5313245,270,15,,,
5243263,2678,15,,,
5107514,2458,15,,,
5313179,295,15,,,
5175741,2210,15,,,
5242560,189,15,,,
5107369,231,15,,,
4701160,311,15,,,
5241728,108,14,,,
5107178,111,14,,,
5313931,23,14,,,
5243034,2084,14,,,
5093265,2429,14,,,
5105632,24,14,,,
5174659,279,14,,,
4873147,21,14,,,
5315579,278,14,,,
4896367,2261,14,,,
5242603,166,14,,,
5241915,2506,14,,,
5242597,2729,14,,,
5176310,2057,14,,,
5164560,25,14,,,
5313111,331,14,,,
4903216,254,14,,,
5061584,21,14,,,
5312902,91,14,,,
5240369,218,14,,,
5176065,322,14,,,
4897923,147,14,,,
5313007,300,14,,,
5175669,2344,14,,,
5241748,2908,14,,,
5242115,2514,14,,,
5241744,2908,14,,,
5313159,301,14,,,
4897583,288,14,,,
5239758,2885,14,,,
5174977,228,14,,,
5176324,304,14,,,
5240756,2523,14,,,
5174946,97,14,,,
4873187,97,14,,,
5179294,2534,14,,,
5241323,2856,14,,,
5311900,9,14,,,
4873220,309,14,,,
5176213,2815,14,,,
5174632,2349,14,,,
5113534,93,14,,,
5242268,13,14,,,
5239575,77,14,,,
5240285,250,14,,,
5313239,2464,14,,,
5060685,254,14,,,
5243123,2277,14,,,
5312179,111,14,,,
5242556,2277,14,,,
5082704,68,14,,,
5259802,2029,14,,,
5196920,269,14,,,
5107076,2678,14,,,
5242635,116,14,,,
5105411,204,14,,,
5144153,61,14,,,
5176030,349,14,,,
5314799,198,14,,,
5175021,38,14,,,
5314718,2501,14,,,
4897575,145,14,,,
5105881,2184,14,,,
4895742,2492,14,,,
5238221,201,14,,,
5241336,2492,14,,,
5107969,2649,14,,,
5254174,202,14,,,
5242812,2011,14,,,
5196962,228,14,,,
4895790,204,14,,,
5314182,2415,14,,,
5243013,116,14,,,
4897173,2640,14,,,
5317318,2681,14,,,
5241358,71,14,,,
5093250,77,14,,,
5316047,52,14,,,
5194058,2698,14,,,
5175397,2692,14,,,
4712843,2032,14,,,
5174940,2210,13,,,
5311986,2390,13,,,
5243004,2630,13,,,
5176937,2870,13,,,
5061572,108,13,,,
5243118,2348,13,,,
5241326,2856,13,,,
5313225,147,13,,,
5106714,2244,13,,,
5105796,305,13,,,
5095153,96,13,,,
5314376,2630,13,,,
5242634,2116,13,,,
5106682,249,13,,,
4683680,5,13,,,
5106742,249,13,,,
5314648,219,13,,,
5107903,305,13,,,
5105531,5,13,,,
5164367,2247,13,,,
5177218,5,13,,,
5105779,52,13,,,
4897258,2348,13,,,
5313498,2277,13,,,
5107652,221,13,,,
5254316,257,13,,,
5101776,99,13,,,
5240419,2241,13,,,
5313368,193,13,,,
5176384,2460,13,,,
4870565,120,13,,,
5171788,145,13,,,
5239786,2198,13,,,
5239757,2885,13,,,
5313163,98,13,,,
5105481,257,13,,,
5239798,2453,13,,,
5241308,304,13,,,
5243020,2529,13,,,
5313166,304,13,,,
4586322,2502,13,,,
4712846,259,13,,,
5243243,2643,13,,,
5105453,2634,13,,,
5240758,2433,13,,,
5176137,2565,13,,,
5311901,9,13,,,
5243264,2678,13,,,
5175352,198,13,,,
5061597,2603,13,,,
5176342,2681,13,,,
5241637,2739,13,,,
5176266,2428,13,,,
5176346,36,13,,,
5323987,2569,13,,,
5107824,2692,13,,,
4700971,2572,13,,,
5144090,270,13,,,
5106279,2065,13,,,
5313712,2473,13,,,
5176755,30,13,,,
5314638,2172,13,,,
5313714,2473,13,,,
5312387,2032,13,,,
5313189,2378,13,,,
5174937,2483,13,,,
4873219,30,13,,,
5106243,172,13,,,
5312355,2026,13,,,
4683785,251,13,,,
4897467,2466,13,,,
5312925,2110,13,,,
5313210,85,13,,,
5238170,2550,13,,,
5239570,135,13,,,
5313905,36,13,,,
5176028,44,13,,,
4897066,2771,13,,,
5252606,2350,13,,,
5323981,322,13,,,
5175821,282,13,,,
5312177,111,13,,,
5262996,252,13,,,
4702741,2803,13,,,
5105537,142,13,,,
4703531,189,13,,,
5314634,2172,12,,,
5107797,139,12,,,
5105456,2492,12,,,
5312174,2448,12,,,
5176954,2172,12,,,
5176111,236,12,,,
5106754,232,12,,,
5241305,2502,12,,,
5242617,235,12,,,
5241653,2458,12,,,
5314675,140,12,,,
5178891,2450,12,,,
4719433,2229,12,,,
4684309,2344,12,,,
5105827,158,12,,,
5174669,399,12,,,
5105598,269,12,,,
5242761,44,12,,,
5105432,161,12,,,
5105588,265,12,,,
5111902,357,12,,,
5107264,99,12,,,
5107184,284,12,,,
5107189,284,12,,,
5243035,322,12,,,
5313446,50,12,,,
5106040,259,12,,,
5241312,2000,12,,,
5177521,55,12,,,
5177533,2393,12,,,
4703977,2885,12,,,
5314859,2627,12,,,
5175014,2856,12,,,
5214643,38,12,,,
5311889,179,12,,,
5093143,311,12,,,
5176067,322,12,,,
5176243,21,12,,,
5176177,2747,12,,,
4433273,2377,12,,,
5241760,2737,12,,,
5105678,322,12,,,
5312328,2729,12,,,
5239768,314,12,,,
4708534,331,12,,,
5112187,2755,12,,,
5106697,166,12,,,
5105877,166,12,,,
5179096,2379,12,,,
5196960,197,12,,,
5176686,2771,12,,,
5105972,2010,12,,,
5174629,257,12,,,
4685653,2900,12,,,
5105864,288,12,,,
5174452,82,12,,,
5101669,153,12,,,
5312041,2429,12,,,
4873107,150,12,,,
5176737,84,12,,,
5262601,252,12,,,
5175666,2344,12,,,
5239637,2550,12,,,
5105672,2250,12,,,
5177367,2546,12,,,
5147928,2541,12,,,
5176193,2535,12,,,
4898194,2535,12,,,
5174621,2515,12,,,
5242775,2142,12,,,
5241402,3101,12,,,
5255092,2057,12,,,
5176649,2330,12,,,
5241333,2057,12,,,
5174630,160,12,,,
5125192,213,12,,,
4897245,2900,12,,,
5314168,2612,12,,,
5313401,2011,12,,,
5313096,256,12,,,
5313093,256,12,,,
5108925,2026,12,,,
5243101,156,12,,,
5243371,2582,12,,,
5105875,2579,12,,,
5313530,2908,12,,,
5106452,79,12,,,
5175391,16,12,,,
5106773,189,11,,,
5239797,2453,11,,,
5312969,189,11,,,
5107703,2244,11,,,
5105895,2363,11,,,
4897715,2306,11,,,
5313069,2247,11,,,
4711256,150,11,,,
5313911,2253,11,,,
5241757,2427,11,,,
5176227,2440,11,,,
5239644,2261,11,,,
5144108,213,11,,,
5313580,2443,11,,,
4703169,2275,11,,,
5191584,2400,11,,,
4684285,2287,11,,,
5176646,2447,11,,,
5174601,2448,11,,,
5313937,161,11,,,
5243236,2382,11,,,
5314175,2379,11,,,
5248301,164,11,,,
5238222,2377,11,,,
5281379,2305,11,,,
5106612,2287,11,,,
5179287,294,11,,,
5311851,2166,11,,,
5180868,2674,11,,,
5106738,288,11,,,
4873183,96,11,,,
5101768,2535,11,,,
4702739,97,11,,,
5313922,2130,11,,,
5093403,46,11,,,
5176682,6,11,,,
5101692,245,11,,,
5105866,2166,11,,,
5174570,2166,11,,,
5239520,2166,11,,,
5175078,265,11,,,
5177139,265,11,,,
5176063,107,11,,,
5176712,236,11,,,
4902967,108,11,,,
4685647,41,11,,,
5260535,2000,11,,,
5177364,2565,11,,,
4897439,253,11,,,
4711281,79,11,,,
5314593,2617,11,,,
4898256,2612,11,,,
5142622,61,11,,,
5101655,2608,11,,,
4895794,61,11,,,
5240972,309,11,,,
5177114,254,11,,,
5176309,2057,11,,,
4837238,84,11,,,
5107899,79,11,,,
5241417,79,11,,,
4593474,2572,11,,,
5313899,2005,11,,,
5115354,282,11,,,
5317333,2569,11,,,
5179094,2569,11,,,
5241725,108,11,,,
5313098,256,11,,,
5243043,349,11,,,
4897691,314,11,,,
4683948,119,11,,,
5313751,2751,11,,,
4845388,294,11,,,
5107343,25,11,,,
5176465,2729,11,,,
5243089,2466,11,,,
4685683,235,11,,,
4897711,119,11,,,
5240519,270,11,,,
5239866,2737,11,,,
5105596,314,11,,,
5312425,324,11,,,
5313633,2198,11,,,
5177193,2210,11,,,
5117707,2463,11,,,
5186456,12,11,,,
5314813,3084,11,,,
5108810,349,11,,,
5105493,3101,11,,,
5037872,235,11,,,
4898190,30,10,,,
4897481,325,10,,,
5103571,2305,10,,,
5312342,55,10,,,
5176765,2393,10,,,
5174932,160,10,,,
5149633,26,10,,,
5108992,57,10,,,
5107490,61,10,,,
5175374,331,10,,,
5242594,2729,10,,,
5255260,328,10,,,
5177252,2627,10,,,
5316049,52,10,,,
5313154,2349,10,,,
5182079,2005,10,,,
4433257,2803,10,,,
5107211,311,10,,,
5314798,198,10,,,
5240378,2655,10,,,
5105660,44,10,,,
5241737,305,10,,,
5314580,2678,10,,,
5109787,314,10,,,
5105833,45,10,,,
5311925,197,10,,,
5241668,270,10,,,
5144495,30,10,,,
5239821,52,10,,,
5314709,357,10,,,
5105668,333,10,,,
4897200,399,10,,,
5177685,399,10,,,
5106051,30,10,,,
5243100,47,10,,,
5107408,50,10,,,
5239791,526,10,,,
5115357,38,10,,,
5314620,2754,10,,,
5314453,2454,10,,,
4590359,2571,10,,,
4898370,2612,10,,,
5106717,295,10,,,
5317275,2169,10,,,
5106647,235,10,,,
5175404,2239,10,,,
5239554,222,10,,,
5054085,142,10,,,
4432515,142,10,,,
5314677,140,10,,,
5241303,2502,10,,,
5240615,295,10,,,
5174571,2230,10,,,
4897953,2230,10,,,
5107963,2181,10,,,
5239623,2182,10,,,
5312456,290,10,,,
5101649,2344,10,,,
5174582,2184,10,,,
5239600,2483,10,,,
4897387,2193,10,,,
5313955,2330,10,,,
4848629,227,10,,,
5108085,294,10,,,
5108122,227,10,,,
5112412,189,10,,,
5105533,2453,10,,,
5311733,2217,10,,,
5314822,3101,10,,,
4897364,236,10,,,
5317274,2169,10,,,
4898223,2511,10,,,
5177573,2870,10,,,
4873141,183,10,,,
5105636,68,10,,,
5145712,2599,10,,,
5175971,71,10,,,
5107289,77,10,,,
5241334,2057,10,,,
5177051,2571,10,,,
5317337,2569,10,,,
5317334,2569,10,,,
5106786,2870,10,,,
4869741,2086,10,,,
5242945,107,10,,,
5292602,2550,10,,,
4683781,2567,10,,,
5105580,93,10,,,
4593883,2540,10,,,
5241290,147,10,,,
5107268,2437,10,,,
5107223,2127,10,,,
5177015,2437,10,,,
5061587,250,10,,,
5182415,219,10,,,
4703887,8,10,,,
5107770,2368,10,,,
4897261,2752,9,,,
5106039,2344,9,,,
5183294,2908,9,,,
5241749,2908,9,,,
4873145,183,9,,,
5313076,2803,9,,,
5240356,16,9,,,
5175939,112358,9,,,
5241384,16,9,,,
5241383,2413,9,,,
5313277,16,9,,,
5242134,2546,9,,,
5239783,93,9,,,
4690766,2523,9,,,
4897898,99,9,,,
5061605,147,9,,,
5175954,108,9,,,
5177558,113,9,,,
5313356,113,9,,,
5107325,116,9,,,
5241652,140,9,,,
4712656,2502,9,,,
5174654,140,9,,,
5177207,2473,9,,,
5177149,2473,9,,,
5107205,119,9,,,
4709454,2453,9,,,
5175787,2463,9,,,
5176208,2454,9,,,
5196879,2541,9,,,
5105865,84,9,,,
5314612,2747,9,,,
5314179,2415,9,,,
5313200,2739,9,,,
5105634,24,9,,,
5189814,24,9,,,
5241073,28,9,,,
5313049,28,9,,,
5243003,2698,9,,,
5314176,2379,9,,,
5242414,2681,9,,,
4917161,2382,9,,,
5313892,2674,9,,,
5107175,43,9,,,
5240521,46,9,,,
5110173,2640,9,,,
5241442,2627,9,,,
4897944,2458,9,,,
5314169,2612,9,,,
4702740,158,9,,,
5241338,2547,9,,,
4683784,2057,9,,,
5175690,311,9,,,
5313326,2309,9,,,
5241698,2115,9,,,
5311740,344,9,,,
5312919,2110,9,,,
5311946,2086,9,,,
4706561,309,9,,,
5312061,2226,9,,,
5176648,2229,9,,,
5312996,2084,9,,,
5108813,349,9,,,
5241352,253,9,,,
5241372,339,9,,,
5221332,222,9,,,
5176449,2032,9,,,
5107792,2031,9,,,
4896453,2031,9,,,
5313399,2011,9,,,
4897192,257,9,,,
5105478,2011,9,,,
5107895,2253,9,,,
4898210,2253,9,,,
5107975,2116,9,,,
4685685,2226,9,,,
5101832,279,9,,,
5314470,236,9,,,
5174947,232,9,,,
5108762,279,9,,,
5313548,232,9,,,
5240370,325,9,,,
5186601,2181,9,,,
5313148,276,9,,,
4711295,301,9,,,
4898315,2172,9,,,
5242571,279,9,,,
5105627,239,9,,,
5107530,288,9,,,
5176325,2277,9,,,
4848644,2166,9,,,
5315575,278,9,,,
5107078,245,9,,,
5177538,2261,8,,,
5101850,259,8,,,
5107885,2000,8,,,
5060718,55,8,,,
5061581,2641,8,,,
5108050,218,8,,,
5311829,259,8,,,
4433001,339,8,,,
4711264,350,8,,,
5174294,277,8,,,
5241071,265,8,,,
5105599,269,8,,,
5329888,201,8,,,
5314456,349,8,,,
5315246,2717,8,,,
5313119,160,8,,,
4610140,2393,8,,,
5313888,2674,8,,,
5106059,152,8,,,
5107158,2405,8,,,
5313088,204,8,,,
5174799,56,8,,,
5182084,2005,8,,,
5243252,2430,8,,,
5314508,231,8,,,
4433208,2539,8,,,
5176274,248,8,,,
5107704,2142,8,,,
4896885,2464,8,,,
5311579,2197,8,,,
5164558,2507,8,,,
5314536,2466,8,,,
5177169,2115,8,,,
5242276,111,8,,,
5315124,2473,8,,,
5105618,235,8,,,
4702218,116,8,,,
5247744,233,8,,,
5313550,232,8,,,
5242262,2540,8,,,
5243394,2450,8,,,
5241436,2627,8,,,
5241630,2437,8,,,
5240368,218,8,,,
4611412,58,8,,,
5105974,257,8,,,
5144381,2623,8,,,
5243342,2010,8,,,
5314594,2617,8,,,
5105824,2029,8,,,
5106288,2550,8,,,
5175860,328,8,,,
5243368,2582,8,,,
5242438,2032,8,,,
5176311,2057,8,,,
5176374,2230,8,,,
5105463,253,8,,,
5214644,24,8,,,
5242638,116,8,,,
4433611,6,8,,,
5108826,2815,8,,,
5314618,2747,8,,,
5254332,2335,8,,,
4432524,5,8,,,
5037870,2351,8,,,
5176298,166,8,,,
5180743,166,8,,,
5175173,13,8,,,
5176378,325,8,,,
5187519,2751,8,,,
5112181,2755,8,,,
5239760,301,8,,,
4897370,195,8,,,
4432398,3084,8,,,
5241537,2363,8,,,
5107077,2754,8,,,
5241430,2752,8,,,
5174976,16,8,,,
5241387,282,8,,,
5279252,2368,8,,,
5314210,195,8,,,
5241286,304,8,,,
5254161,305,8,,,
5243094,2466,7,,,
5196941,2168,7,,,
5176751,2450,7,,,
4869781,228,7,,,
5240279,2011,7,,,
5241628,2437,7,,,
5241676,94,7,,,
5113385,288,7,,,
5238203,61,7,,,
4684812,2540,7,,,
5174970,120,7,,,
5174628,257,7,,,
5144089,2627,7,,,
4703637,2130,7,,,
5177052,2900,7,,,
5311760,2363,7,,,
5174938,2210,7,,,
5314559,56,7,,,
5314375,2630,7,,,
4710358,2754,7,,,
5101807,2210,7,,,
5312340,55,7,,,
5108908,324,7,,,
5176795,5,7,,,
5105984,235,7,,,
5243382,2127,7,,,
5107878,2306,7,,,
5107203,2261,7,,,
5252055,107,7,,,
5107627,2565,7,,,
5311609,2514,7,,,
4845387,194,7,,,
5182713,2565,7,,,
5060688,2086,7,,,
5311867,2350,7,,,
5313859,282,7,,,
5312289,2567,7,,,
5240885,2226,7,,,
5241847,2569,7,,,
5239785,85,7,,,
5242587,119,7,,,
5108891,2550,7,,,
4897548,2447,7,,,
5323988,2569,7,,,
5105862,2571,7,,,
5107255,2571,7,,,
5177368,311,7,,,
5242936,2230,7,,,
5109034,2065,7,,,
4900669,2065,7,,,
5313546,232,7,,,
5313634,2198,7,,,
5169569,142,7,,,
4898333,2198,7,,,
5190937,282,7,,,
5241394,2032,7,,,
5239765,91,7,,,
5176081,2352,7,,,
5105790,2132,7,,,
5117627,68,7,,,
4702596,302,7,,,
5315578,278,7,,,
5176835,270,7,,,
5176529,2182,7,,,
5176784,2382,7,,,
5315586,167,7,,,
5176260,2492,7,,,
5108069,326,7,,,
5243204,294,7,,,
5176520,160,7,,,
5110002,2415,7,,,
4702765,116,7,,,
5176728,326,7,,,
5177121,36,7,,,
4712893,2181,7,,,
5291864,2305,7,,,
5174652,2,7,,,
5172339,324,7,,,
5177247,324,7,,,
5177358,265,7,,,
5314775,2400,7,,,
5177717,2692,7,,,
4897890,25,7,,,
5314771,2400,7,,,
5240270,2641,7,,,
4897957,2653,7,,,
5314757,155,7,,,
5312180,111,7,,,
5108086,198,7,,,
4895783,275,7,,,
5243245,2643,7,,,
5101843,113,7,,,
5241316,2692,7,,,
5313086,204,7,,,
4894453,2515,6,,,
5314191,2561,6,,,
5311607,2514,6,,,
5239627,2350,6,,,
4703205,326,6,,,
5107375,84,6,,,
5239817,2378,6,,,
5315088,284,6,,,
5240380,2492,6,,,
5184903,2086,6,,,
5242400,2198,6,,,
5313936,161,6,,,
5241373,2287,6,,,
5101666,2182,6,,,
4897626,2717,6,,,
5254164,135,6,,,
4897572,2000,6,,,
5252076,2385,6,,,
5313169,276,6,,,
5312293,24,6,,,
5107230,2127,6,,,
4897053,2210,6,,,
5241374,2535,6,,,
4703253,25,6,,,
5239594,2210,6,,,
4683697,183,6,,,
5105410,2539,6,,,
5315576,278,6,,,
5177724,2454,6,,,
4685013,2540,6,,,
5313872,93,6,,,
5240616,2325,6,,,
5313153,2349,6,,,
5215268,197,6,,,
5176200,2453,6,,,
4703009,98,6,,,
5116128,2115,6,,,
5313861,282,6,,,
5242596,2729,6,,,
5176708,2450,6,,,
5241164,331,6,,,
5176683,233,6,,,
5262456,2492,6,,,
4703644,2115,6,,,
4432899,2463,6,,,
5313294,2692,6,,,
5244505,130,6,,,
5243380,2385,6,,,
5176231,9,6,,,
5101806,5,6,,,
5313579,2443,6,,,
4683765,2309,6,,,
5240757,2433,6,,,
4897447,232,6,,,
5242758,44,6,,,
5106755,2272,6,,,
5241536,218,6,,,
5241593,265,6,,,
5177248,2330,6,,,
4684718,2507,6,,,
5314858,2627,6,,,
5238201,57,6,,,
5314636,2172,6,,,
4897651,2368,6,,,
5107843,2630,6,,,
4703393,258,6,,,
4898169,357,6,,,
5241602,2506,6,,,
5247864,2005,6,,,
5312145,2182,6,,,
5242277,111,6,,,
4897421,2643,6,,,
5311831,259,6,,,
4433231,2261,6,,,
4897678,300,6,,,
5185673,2640,6,,,
5313753,2751,6,,,
4684988,2655,6,,,
5108009,195,6,,,
5108029,311,6,,,
5108806,2908,6,,,
5106715,99,6,,,
5105646,2181,6,,,
5313672,2348,6,,,
5106461,270,6,,,
5248300,269,6,,,
5312890,2046,6,,,
4683741,2803,6,,,
4609653,79,6,,,
5101774,2579,6,,,
5314777,2400,6,,,
5101831,183,6,,,
5196882,221,6,,,
5176753,2737,6,,,
5313569,2377,6,,,
5106744,2130,6,,,
4904926,2031,6,,,
5313274,16,6,,,
5185598,2029,6,,,
5176034,349,6,,,
4897859,236,6,,,
5176278,2169,6,,,
5239660,2413,6,,,
5240034,2413,6,,,
5061595,269,6,,,
5176685,292,6,,,
5242590,350,6,,,
5312449,290,5,,,
5176572,98,5,,,
4708176,248,5,,,
5239759,2885,5,,,
4705371,2504,5,,,
5176556,2582,5,,,
5313449,2127,5,,,
5176664,2627,5,,,
5323978,322,5,,,
5217184,57,5,,,
5313898,2005,5,,,
5143921,2752,5,,,
5242991,2634,5,,,
5312011,13,5,,,
5176581,2640,5,,,
4684156,16,5,,,
5316219,47,5,,,
4897010,261,5,,,
4433265,46,5,,,
5314446,44,5,,,
5176029,44,5,,,
5176064,2655,5,,,
5240392,344,5,,,
5107364,344,5,,,
5108045,282,5,,,
5313291,2692,5,,,
5240024,2698,5,,,
5240026,2698,5,,,
5101656,333,5,,,
5313050,28,5,,,
5313193,2739,5,,,
5313110,331,5,,,
5105417,26,5,,,
5241241,2724,5,,,
5061606,25,5,,,
5176349,257,5,,,
5314622,2754,5,,,
5313722,2870,5,,,
4810230,2619,5,,,
4693725,189,5,,,
4897973,284,5,,,
5312903,91,5,,,
5109033,9,5,,,
5242977,2546,5,,,
5176207,91,5,,,
5313214,85,5,,,
5239777,2110,5,,,
5143601,84,5,,,
5314193,2561,5,,,
5107708,2565,5,,,
5143607,2086,5,,,
5176577,82,5,,,
5105803,2084,5,,,
5242938,2065,5,,,
5241457,2571,5,,,
5241645,309,5,,,
5101846,2579,5,,,
5112189,2579,5,,,
5313440,2029,5,,,
5177286,256,5,,,
5314748,2755,5,,,
5242267,13,5,,,
5239745,311,5,,,
4702598,62,5,,,
5178892,2011,5,,,
5110696,314,5,,,
5238192,2335,5,,,
5332491,2400,5,,,
4703196,2440,5,,,
5116500,2447,5,,,
5176811,2344,5,,,
5182416,219,5,,,
4901611,2197,5,,,
4610138,127,5,,,
5177701,2448,5,,,
5177695,149,5,,,
5247862,2352,5,,,
4693724,2448,5,,,
5107872,140,5,,,
5175705,160,5,,,
5081348,164,5,,,
5314801,198,5,,,
5248277,2464,5,,,
5312057,2226,5,,,
5176061,2275,5,,,
5101844,201,5,,,
5107851,2464,5,,,
5311888,179,5,,,
5176950,2277,5,,,
5314646,219,5,,,
4592217,2351,5,,,
5175763,2239,5,,,
5314674,140,5,,,
5241718,172,5,,,
5106705,2198,5,,,
5174934,161,5,,,
5314327,2413,5,,,
5180677,2247,5,,,
5243393,2379,5,,,
4869768,2306,5,,,
5241247,2427,5,,,
5106245,172,5,,,
5314741,2492,5,,,
5314351,2453,5,,,
5237435,154,5,,,
4897708,2184,5,,,
5241371,2428,5,,,
5176222,2430,5,,,
5241772,161,5,,,
4704090,2193,5,,,
5106634,2450,5,,,
5314611,2747,4,,,
5311861,2230,4,,,
5314349,2453,4,,,
5314853,253,4,,,
5107320,198,4,,,
5105976,2083,4,,,
5313207,85,4,,,
5177743,26,4,,,
4897620,227,4,,,
5241486,2217,4,,,
5313377,249,4,,,
5241956,2230,4,,,
5312171,2448,4,,,
5177605,2065,4,,,
4706260,227,4,,,
5317336,2569,4,,,
5241777,253,4,,,
5314177,2379,4,,,
5243379,2385,4,,,
5240511,93,4,,,
5314854,2368,4,,,
5106266,2306,4,,,
5177655,326,4,,,
5313658,2724,4,,,
4898189,2729,4,,,
5184709,324,4,,,
5312427,324,4,,,
4684146,331,4,,,
5239711,227,4,,,
5261965,325,4,,,
5313176,325,4,,,
4702097,2382,4,,,
5112334,2084,4,,,
5311843,2294,4,,,
5313917,2440,4,,,
5328456,264,4,,,
5313388,43,4,,,
5176138,2006,4,,,
5313053,265,4,,,
5175405,57,4,,,
5254321,257,4,,,
5312042,2429,4,,,
4872744,2253,4,,,
5102797,2272,4,,,
5105883,2501,4,,,
4895793,153,4,,,
5106456,55,4,,,
5175364,269,4,,,
4709150,2429,4,,,
5314703,357,4,,,
5314551,2643,4,,,
5175358,156,4,,,
4703415,55,4,,,
5182077,2005,4,,,
5314353,2634,4,,,
5177705,2000,4,,,
5108120,2641,4,,,
5165275,259,4,,,
5106043,257,4,,,
5311892,2670,4,,,
4706262,2239,4,,,
5317317,2681,4,,,
5241916,2717,4,,,
5313913,2440,4,,,
5174555,2579,4,,,
5107349,161,4,,,
5239995,2454,4,,,
5240884,204,4,,,
5176312,71,4,,,
5242545,2031,4,,,
5313242,270,4,,,
5313087,204,4,,,
5177734,339,4,,,
5107441,2011,4,,,
5331713,254,4,,,
4702518,68,4,,,
5242415,2681,4,,,
4683134,344,4,,,
5105540,344,4,,,
5220874,344,4,,,
5174962,2405,4,,,
5177359,256,4,,,
5103832,160,4,,,
5241629,2437,4,,,
5176397,228,4,,,
5314755,155,4,,,
5106718,120,4,,,
5312972,189,4,,,
5314538,2466,4,,,
4869779,2483,4,,,
5311581,2197,4,,,
5105612,305,4,,,
5313353,113,4,,,
5312429,2463,4,,,
5240520,305,4,,,
5311610,2514,4,,,
5144128,2529,4,,,
4702000,99,4,,,
5177341,2351,4,,,
4896359,12,4,,,
5313448,2127,4,,,
4897775,288,4,,,
5106607,2325,4,,,
5241727,108,4,,,
5314534,2534,4,,,
5314513,2352,4,,,
5238171,2460,4,,,
5311974,120,4,,,
5107258,183,4,,,
5239762,2885,4,,,
5108028,236,4,,,
4897412,2335,4,,,
5312433,2463,4,,,
5102799,189,4,,,
5314733,292,4,,,
5314732,292,4,,,
5242561,2306,4,,,
5314738,2492,4,,,
4888717,2464,4,,,
5314491,2511,4,,,
5313375,249,4,,,
5107819,301,4,,,
5107769,2368,4,,,
5313733,2523,4,,,
5311923,2306,4,,,
5312019,2483,4,,,
5107870,2870,4,,,
5241906,2535,4,,,
5241779,2330,4,,,
5241389,2502,4,,,
4702777,2210,4,,,
5176672,2466,3,,,
5254317,2244,3,,,
5177708,2900,3,,,
4685646,194,3,,,
5176401,2612,3,,,
4873144,213,3,,,
5238204,61,3,,,
5106667,2612,3,,,
5313376,249,3,,,
4897807,2612,3,,,
4590362,2612,3,,,
5239587,2026,3,,,
5106790,66,3,,,
5175036,66,3,,,
5105418,2608,3,,,
5313226,147,3,,,
5243040,2329,3,,,
4683941,68,3,,,
5239761,2885,3,,,
5164369,2439,3,,,
5107474,2692,3,,,
5311863,2325,3,,,
5189254,2400,3,,,
4703150,2400,3,,,
5313845,339,3,,,
5243041,2329,3,,,
5247636,2617,3,,,
5239902,2247,3,,,
4869739,2483,3,,,
5312968,189,3,,,
5311955,156,3,,,
5311833,356,3,,,
4711266,153,3,,,
5107813,357,3,,,
5176710,357,3,,,
5313181,2174,3,,,
5107163,300,3,,,
5314555,2643,3,,,
5176387,2483,3,,,
5234300,2483,3,,,
5107860,2253,3,,,
4898377,3101,3,,,
5242986,2634,3,,,
5239645,2261,3,,,
4897466,2184,3,,,
5314352,2634,3,,,
5313542,2427,3,,,
5243111,2415,3,,,
5242117,2628,3,,,
5247621,2504,3,,,
5313071,2247,3,,,
5315595,149,3,,,
5313395,2010,3,,,
5313383,2433,3,,,
5175660,288,3,,,
5312187,2619,3,,,
5060731,232,3,,,
5196932,2511,3,,,
4895745,269,3,,,
5254329,300,3,,,
5184753,57,3,,,
4705373,2627,3,,,
5313565,218,3,,,
5243253,2430,3,,,
5314643,2172,3,,,
5313713,2473,3,,,
5312079,5,3,,,
5101654,2628,3,,,
4685662,2253,3,,,
5105545,2032,3,,,
5239811,2325,3,,,
4432897,2184,3,,,
4898006,2750,3,,,
5176286,2352,3,,,
5106602,2750,3,,,
5175417,2458,3,,,
5177744,278,3,,,
5105689,2352,3,,,
5313732,2523,3,,,
5175049,282,3,,,
5242119,2229,3,,,
4683767,2539,3,,,
5314796,2351,3,,,
5105625,2447,3,,,
5313195,2739,3,,,
5313921,2130,3,,,
5313075,2803,3,,,
5176404,172,3,,,
5240286,198,3,,,
5183116,2565,3,,,
5107218,309,3,,,
4897301,98,3,,,
5105681,2550,3,,,
5176812,2739,3,,,
5239747,311,3,,,
4684838,2535,3,,,
5243211,252,3,,,
5174935,84,3,,,
5243238,23,3,,,
4896371,326,3,,,
5255709,2755,3,,,
5242272,2448,3,,,
5191591,2130,3,,,
4816087,2382,3,,,
5314625,2754,3,,,
5246878,2363,3,,,
5313820,71,3,,,
5037877,120,3,,,
5243407,2569,3,,,
5239588,2717,3,,,
5311919,2306,3,,,
5215270,275,3,,,
4433615,147,3,,,
5241843,2540,3,,,
5180944,2241,3,,,
5312009,13,3,,,
5281366,2390,3,,,
5252600,275,3,,,
5179092,276,3,,,
5142360,222,3,,,
4702764,2539,3,,,
5314830,2856,3,,,
4858606,145,3,,,
5312887,2046,3,,,
5263625,9,3,,,
5314779,2449,3,,,
5175357,93,3,,,
5313574,2443,3,,,
5241961,167,3,,,
4702961,82,3,,,
5243386,2385,3,,,
4897777,254,3,,,
5115621,2443,3,,,
5178200,2065,3,,,
5105622,2515,3,,,
4702994,194,3,,,
5313756,2751,3,,,
5174858,326,2,,,
5312156,2261,2,,,
5223184,2,2,,,
5314227,2649,2,,,
5241377,3084,2,,,
5312037,164,2,,,
5312010,13,2,,,
5312012,13,2,,,
5152658,2752,2,,,
5311834,356,2,,,
5311929,2641,2,,,
5312155,2261,2,,,
5239790,526,2,,,
5105609,2752,2,,,
4894465,156,2,,,
5243081,195,2,,,
5252599,2305,2,,,
5323979,322,2,,,
5241699,2750,2,,,
5316214,47,2,,,
5177260,2325,2,,,
4858602,314,2,,,
4433289,333,2,,,
4702960,12,2,,,
5176337,2678,2,,,
5311866,2325,2,,,
5240643,6,2,,,
5311865,2325,2,,,
5176423,28,2,,,
5313846,339,2,,,
5315247,2717,2,,,
4897148,197,2,,,
5105717,2349,2,,,
5314832,2856,2,,,
5243355,2400,2,,,
5177227,30,2,,,
5101797,8,2,,,
5315083,284,2,,,
5107296,338,2,,,
5263670,158,2,,,
5109018,158,2,,,
5178038,38,2,,,
5311897,12,2,,,
5254840,2296,2,,,
5105631,279,2,,,
5314172,2379,2,,,
5107301,2296,2,,,
5240748,2653,2,,,
5176294,2415,2,,,
5173445,213,2,,,
5242591,350,2,,,
5313705,288,2,,,
5170078,213,2,,,
5242588,350,2,,,
4869778,2670,2,,,
5241657,41,2,,,
5241595,2272,2,,,
5193634,2729,2,,,
4884255,218,2,,,
5312654,2115,2,,,
5323991,2640,2,,,
5177532,2523,2,,,
4684207,227,2,,,
5313521,2515,2,,,
5101852,2132,2,,,
5315804,2460,2,,,
5313916,2440,2,,,
5108145,2515,2,,,
5106707,2198,2,,,
5242907,2514,2,,,
5311935,254,2,,,
5313821,71,2,,,
5243370,2582,2,,,
5176047,2142,2,,,
5313456,2241,2,,,
5239648,2514,2,,,
5241736,219,2,,,
4902201,70,2,,,
5312656,2115,2,,,
5313222,147,2,,,
5176175,104,2,,,
5176190,2464,2,,,
4895779,2198,2,,,
5328797,2168,2,,,
4433577,2169,2,,,
5313030,2608,2,,,
5239579,2026,2,,,
5313240,2464,2,,,
5239595,2244,2,,,
4873163,2132,2,,,
4897451,84,2,,,
5175654,2466,2,,,
5041938,2567,2,,,
5239803,2453,2,,,
4848623,2116,2,,,
5313279,94,2,,,
4683755,93,2,,,
4432739,93,2,,,
5108850,2116,2,,,
5106255,249,2,,,
5176494,2458,2,,,
5314338,2546,2,,,
5239766,91,2,,,
5144382,2535,2,,,
5239559,130,2,,,
5175655,2127,2,,,
5313215,85,2,,,
5176733,250,2,,,
5175592,96,2,,,
5196935,250,2,,,
4589481,97,2,,,
5241641,2449,2,,,
5241428,250,2,,,
5105466,252,2,,,
5311997,135,2,,,
5254323,139,2,,,
4432201,253,2,,,
5241708,2130,2,,,
4700880,2086,2,,,
5312997,2084,2,,,
5241909,2437,2,,,
5107197,2599,2,,,
5312655,2115,2,,,
5176139,2006,2,,,
5314742,2492,2,,,
5314820,2000,2,,,
5041948,57,2,,,
5313382,2433,2,,,
5313070,2247,2,,,
5314860,2627,2,,,
5313514,2506,2,,,
5252116,2623,2,,,
5314804,2504,2,,,
5314642,2172,2,,,
5241684,2473,2,,,
5311526,2633,2,,,
5174638,232,2,,,
4897072,2010,2,,,
5108098,219,2,,,
5241604,2506,2,,,
5243157,2010,2,,,
4906451,2501,2,,,
5313183,2174,2,,,
5243006,2630,2,,,
5323989,2640,2,,,
5313894,2005,2,,,
5107233,2429,2,,,
5312184,2619,2,,,
5242282,2619,2,,,
5174586,2184,2,,,
5313547,232,2,,,
5177698,149,2,,,
4897484,2011,2,,,
5114231,52,2,,,
5174559,183,1,,,
5239626,2182,1,,,
4873194,2210,1,,,
5239599,194,1,,,
5241299,2458,1,,,
5242966,2352,1,,,
5314747,2755,1,,,
4838708,2502,1,,,
5180772,2130,1,,,
4838705,314,1,,,
5122260,294,1,,,
5314515,2352,1,,,
5241422,2210,1,,,
5118041,324,1,,,
5254331,2335,1,,,
5313124,2539,1,,,
5313280,94,1,,,
5243274,112358,1,,,
5239562,127,1,,,
5174653,2,1,,,
5105901,2217,1,,,
5181768,112358,1,,,
5177262,112358,1,,,
4898165,2754,1,,,
5105804,295,1,,,
5311763,2363,1,,,
5107307,2754,1,,,
5243210,294,1,,,
5311761,2363,1,,,
5176066,322,1,,,
4701187,233,1,,,
5174620,292,1,,,
5121428,112358,1,,,
5313678,294,1,,,
5108091,2309,1,,,
5198359,2352,1,,,
5311993,2507,1,,,
5117524,248,1,,,
5175806,2885,1,,,
5242777,2142,1,,,
5176836,2870,1,,,
5314480,2142,1,,,
5101837,301,1,,,
5241282,304,1,,,
5313721,2870,1,,,
5254169,238,1,,,
5314474,236,1,,,
5176939,2172,1,,,
5313001,302,1,,,
5106785,2870,1,,,
5175953,108,1,,,
5105884,2172,1,,,
5105782,2507,1,,,
5313718,108,1,,,
5313000,302,1,,,
5313134,2885,1,,,
4702975,2509,1,,,
5313158,301,1,,,
5240530,2507,1,,,
5113400,179,1,,,
5061578,245,1,,,
5242631,2771,1,,,
5174956,12,1,,,
5314295,2771,1,,,
5241614,2174,1,,,
5175704,5,1,,,
5239487,12,1,,,
5101675,194,1,,,
5105826,98,1,,,
4897519,183,1,,,
5239651,113,1,,,
5041942,248,1,,,
5105542,12,1,,,
5313527,2908,1,,,
4711273,2193,1,,,
5105671,2142,1,,,
5196671,172,1,,,
5242586,119,1,,,
5242583,119,1,,,
5313508,2344,1,,,
5241717,172,1,,,
5313529,2908,1,,,
5105795,305,1,,,
5107700,98,1,,,
5177725,2547,1,,,
5243056,2115,1,,,
5106640,2655,1,,,
5313563,58,1,,,
5175023,350,1,,,
5241591,2272,1,,,
5242552,2413,1,,,
5314458,349,1,,,
5239643,2619,1,,,
4683946,2674,1,,,
5243044,349,1,,,
5239573,158,1,,,
5314586,2617,1,,,
5241231,36,1,,,
5313891,2674,1,,,
5313503,2272,1,,,
5112342,2612,1,,,
5177526,2026,1,,,
5243262,2678,1,,,
5241001,2608,1,,,
5312352,2026,1,,,
5123978,2608,1,,,
5239678,2603,1,,,
4869766,2439,1,,,
5314774,2400,1,,,
5241733,219,1,,,
5311937,254,1,,,
5240394,160,1,,,
5243241,30,1,,,
4897976,2244,1,,,
5313562,58,1,,,
5314330,2413,1,,,
5242133,2439,1,,,
5240587,2250,1,,,
4897129,2427,1,,,
5177038,155,1,,,
5314761,155,1,,,
5242959,2426,1,,,
5176949,155,1,,,
5314818,2000,1,,,
5311930,2641,1,,,
5247860,2005,1,,,
4870563,261,1,,,
5149116,156,1,,,
5239814,399,1,,,
5248174,2005,1,,,
5314550,2643,1,,,
4709991,55,1,,,
5105645,55,1,,,
5313896,2005,1,,,
5093253,153,1,,,
5105693,2426,1,,,
5313897,2005,1,,,
5314372,2630,1,,,
5311845,258,1,,,
5312026,213,1,,,
5080790,258,1,,,
5314451,44,1,,,
5311995,152,1,,,
5121952,356,1,,,
5314569,2430,1,,,
5314772,2400,1,,,
5185444,68,1,,,
4684840,172,1,,,
5105414,2382,1,,,
5174316,2565,1,,,
5107907,139,1,,,
5176299,252,1,,,
5108047,2449,1,,,
5313360,326,1,,,
5311988,130,1,,,
5313187,2378,1,,,
5243083,195,1,,,
5247935,2110,1,,,
5314780,2449,1,,,
5323990,2640,1,,,
5239818,2378,1,,,
5313177,325,1,,,
5314615,2747,1,,,
5108030,2450,1,,,
5106648,130,1,,,
5314183,2450,1,,,
5105964,2305,1,,,
5239578,195,1,,,
5311868,227,1,,,
4703399,21,1,,,
5240019,2546,1,,,
5186554,2377,1,,,
5241697,2115,1,,,
5175027,2377,1,,,
5107642,2546,1,,,
5311731,2217,1,,,
4684303,227,1,,,
5144387,164,1,,,
5107896,2400,1,,,
5101859,2086,1,,,
5313295,2692,1,,,
5241270,70,1,,,
5314308,2031,1,,,
5312164,2275,1,,,
5101667,338,1,,,
4702696,2393,1,,,
5101848,2582,1,,,
5176757,254,1,,,
5254178,2579,1,,,
5312886,2046,1,,,
4433340,2579,1,,,
5061607,79,1,,,
5107972,2057,1,,,
5240668,2572,1,,,
5313875,79,1,,,
5314724,2571,1,,,
5106651,2724,1,,,
5105589,2294,1,,,
5105640,26,1,,,
5313581,2443,1,,,
4898222,2230,1,,,
5245385,25,1,,,
5205881,140,1,,,
5313882,82,1,,,
5239840,25,1,,,
5241745,2229,1,,,
4709424,2385,1,,,
5313900,2005,1,,,
