team_id,opp_orb,opp_drb,opp_trb,opp_fga,opp_3pa,opp_poss
2,382,860,1242,2014,725,2428.6
3,14,26,40,73,24,83.28
5,348,833,1181,2009,745,2480.64
6,358,787,1145,1846,717,2214.68
8,338,953,1291,2135,828,2645.64
9,352,882,1234,1797,737,2119.64
12,441,808,1249,2400,833,2684.88
13,260,670,930,1530,554,1843.96
16,258,781,1039,1598,584,1922.12
21,303,753,1056,1702,643,2094.32
22,29,91,120,133,47,170.36
23,306,816,1122,1802,612,2036.96
24,241,722,963,1791,700,2130.36
25,257,823,1080,1778,624,2075.4
26,300,861,1161,1948,742,2350.44
27,221,695,916,1596,476,1869.4
28,268,753,1021,1726,570,1973.12
29,11,29,40,62,12,81.96000000000001
30,352,793,1145,2067,710,2291.76
36,256,735,991,1728,754,2051.04
38,289,768,1057,1921,708,2258.36
41,334,751,1085,1893,617,2227.44
42,313,796,1109,1857,712,2135.28
43,298,804,1102,1798,744,2159.68
44,297,764,1061,1794,614,2093.36
45,337,824,1161,1818,628,2096.52
46,324,827,1151,1876,780,2176.92
47,343,724,1067,1682,548,2106.68
48,373,801,1174,2045,730,2369.76
49,10,28,38,62,29,65.08
50,359,758,1117,1684,597,1993.92
52,328,762,1090,1769,748,2125.72
53,14,30,44,67,30,65.48
55,313,735,1048,1901,850,2147.84
56,276,752,1028,1772,729,2038.88
57,369,820,1189,1885,621,2265.68
58,282,830,1112,1669,695,2019.4
59,313,818,1131,1850,718,2218.6
60,13,25,38,63,30,74.4
61,335,781,1116,1990,817,2216.7599999999998
62,235,626,861,1559,476,1829.76
66,314,850,1164,1790,681,2347.08
68,244,811,1055,1855,609,2282.76
70,282,821,1103,1887,633,2205.88
71,259,728,987,1740,656,2101.16
75,11,20,31,55,28,63.480000000000004
77,264,865,1129,1726,713,2143.36
79,215,742,957,1590,509,1929.28
82,269,797,1066,1737,472,2084.2
83,5,24,29,52,23,58.52
84,317,858,1175,2004,803,2380.6
85,285,666,951,1494,615,1827.84
87,310,869,1179,2083,734,2326.08
91,303,768,1071,1790,835,2096.88
93,303,760,1063,1912,774,2301.76
94,328,725,1053,1786,700,2112.68
96,306,728,1034,2018,723,2352.7200000000003
97,280,850,1130,1842,702,2158.88
98,362,825,1187,2017,891,2254.36
99,379,803,1182,1854,863,2388.0
103,270,820,1090,1777,653,2163.4
104,281,784,1065,1942,645,2294.76
107,289,808,1097,1753,567,2077.88
108,199,713,912,1434,566,1820.6000000000001
109,8,29,37,57,26,71.16
111,230,699,929,1744,644,2030.24
113,315,807,1122,1896,679,2228.2
116,289,700,989,1687,562,1960.72
117,29,52,81,134,50,158.56
119,301,734,1035,1840,762,2235.2799999999997
120,314,807,1121,1909,743,2150.8
127,359,820,1179,2138,803,2418.64
129,12,50,62,104,51,127.12
130,278,751,1029,1995,695,2279.84
134,10,46,56,68,24,86.56
135,280,845,1125,1747,606,1959.08
139,339,790,1129,2016,713,2414.96
140,243,785,1028,1595,561,2129.8
142,335,768,1103,1848,655,2206.2
145,280,814,1094,1792,648,2152.88
147,275,810,1085,1965,693,2441.4
148,10,35,45,60,27,69.48
149,260,824,1084,1683,508,2133.52
150,436,886,1322,2462,826,2651.36
151,301,786,1087,1736,712,2056.7200000000003
152,333,874,1207,1879,652,2196.32
153,319,956,1275,2464,893,2755.32
154,346,834,1180,2129,782,2504.44
155,275,851,1126,1859,667,2133.56
156,400,849,1249,2215,736,2391.4
158,378,906,1284,2022,816,2334.8
159,220,668,888,1395,524,1675.04
160,198,688,886,1535,605,1770.52
161,307,700,1007,1565,550,1827.96
163,239,769,1008,1793,570,2075.12
164,300,779,1079,1807,717,2113.04
166,310,748,1058,1976,843,2311.8
167,320,886,1206,1893,649,2279.68
171,253,703,956,1614,689,1848.32
172,273,662,935,1617,701,1910.8799999999999
173,14,29,43,69,23,70.04
179,308,803,1111,1881,830,2175.92
181,10,35,45,62,22,73.48
183,401,847,1248,2083,1014,2282.6
185,9,26,35,62,22,71.92
189,344,844,1188,1974,851,2291.44
190,38,98,136,186,62,198.64
191,14,34,48,62,28,72.8
193,325,841,1166,1883,771,2203.64
194,329,694,1023,1860,669,2094.48
195,295,930,1225,1957,734,2397.6
197,351,728,1079,1730,694,2098.16
198,286,829,1115,1984,705,2235.64
201,300,772,1072,1927,664,2328.52
202,316,763,1079,1741,778,2067.2
204,347,788,1135,1851,739,2114.72
210,5,22,27,56,18,73.44
212,12,31,43,78,33,78.08
213,256,716,972,1741,660,1957.08
214,49,109,158,208,99,220.48000000000002
218,318,732,1050,1690,618,1945.84
219,279,733,1012,1695,646,1930.16
221,271,724,995,1744,749,2038.72
222,378,865,1243,2111,891,2411.88
224,7,30,37,58,31,61.32
225,271,731,1002,1627,617,2000.52
227,315,744,1059,1749,725,2086.08
228,274,808,1082,1858,792,2197.04
231,312,823,1135,1941,711,2277.24
232,284,787,1071,1886,665,2372.4
233,220,728,948,1716,638,2089.68
235,387,692,1079,1940,831,2315.36
236,315,776,1091,1965,794,2307.36
238,340,917,1257,1997,778,2479.2400000000002
239,335,766,1101,1892,685,2327.0
241,12,26,38,64,20,76.56
242,331,804,1135,2088,743,2280.0
245,465,927,1392,2230,853,2761.64
248,379,837,1216,2003,855,2471.24
249,252,693,945,1581,471,1938.32
250,338,724,1062,1680,668,1974.56
251,328,767,1095,1708,573,2180.92
252,293,841,1134,2055,771,2414.64
253,274,876,1150,2073,808,2484.08
254,329,787,1116,1848,648,2071.32
255,22,31,53,65,30,64.36
256,313,730,1043,1724,789,2057.64
257,346,970,1316,2147,775,2495.88
258,322,779,1101,1842,691,2094.2
259,301,790,1091,1933,713,2278.8
261,216,772,988,1865,702,2213.0
264,394,849,1243,1903,648,2264.56
265,382,921,1303,2068,722,2473.88
269,399,863,1262,1999,719,2296.16
270,367,815,1182,1948,804,2155.16
275,274,876,1150,1870,628,2196.52
276,337,923,1260,2053,708,2399.2
277,360,831,1191,1814,669,2234.36
278,268,826,1094,1866,787,2269.52
279,212,822,1034,1693,713,2076.84
282,250,833,1083,1865,680,2173.48
286,22,26,48,62,21,68.12
287,16,27,43,72,20,78.8
288,356,838,1194,2150,878,2343.96
290,307,673,980,1613,627,1941.8
291,21,40,61,73,24,71.48
292,394,805,1199,1920,755,2238.48
294,233,665,898,1617,729,1948.0
295,313,768,1081,1810,818,2084.04
299,303,841,1144,1961,771,2373.28
300,242,563,805,1392,450,1627.3600000000001
301,282,803,1085,1831,507,2092.36
302,244,604,848,1332,449,1617.88
304,257,730,987,1636,595,1964.16
305,330,791,1121,1912,674,2168.12
308,8,27,35,58,29,69.04
309,316,735,1051,1820,602,2183.12
310,3,32,35,48,26,63.28
311,268,763,1031,1577,559,1911.92
314,357,807,1164,1934,642,2307.76
315,270,754,1024,1694,624,1975.36
316,5,36,41,57,15,68.92
322,311,806,1117,1763,642,2000.84
323,16,37,53,72,38,77.28
324,362,764,1126,1984,905,2235.76
325,341,671,1012,1762,759,2155.28
326,270,632,902,1512,588,1895.28
328,267,800,1067,1905,737,2297.8
329,21,66,87,129,57,154.28
331,314,850,1164,2071,867,2426.96
333,379,811,1190,2028,725,2394.2
338,286,742,1028,1750,710,2139.32
339,187,858,1045,1580,535,1951.88
343,12,45,57,74,22,75.8
344,294,743,1037,1880,784,2265.08
349,296,798,1094,1854,750,2170.6
350,394,937,1331,2023,664,2412.44
353,17,37,54,73,30,81.44
355,7,35,42,56,20,67.96000000000001
356,323,767,1090,1977,585,2250.52
357,344,844,1188,1942,842,2512.16
366,16,25,41,79,30,75.04
368,16,36,52,68,21,76.92
370,10,27,37,70,38,72.96
374,15,30,45,74,40,76.8
386,18,26,44,76,23,77.0
391,13,33,46,64,27,68.6
399,265,794,1059,1641,633,2028.68
401,17,25,42,60,25,60.72
415,19,66,85,115,30,155.28
417,17,33,50,88,33,84.84
418,11,31,42,66,26,72.16
422,9,31,40,72,33,72.48
428,28,63,91,119,45,131.68
437,13,40,53,70,24,77.44
461,25,64,89,125,64,140.04000000000002
484,40,82,122,209,114,226.04
486,4,27,31,50,17,68.12
494,17,31,48,71,22,70.6
495,30,77,107,152,64,157.07999999999998
509,6,27,33,61,40,65.28
510,11,36,47,64,22,71.44
524,54,137,191,241,93,263.12
526,349,841,1190,2153,819,2424.92
534,18,28,46,78,25,72.04
535,29,33,62,74,32,73.88
536,15,62,77,127,70,142.0
542,6,37,43,58,23,70.56
548,18,28,46,78,26,78.92
554,22,61,83,120,45,133.07999999999998
571,34,80,114,153,63,165.04000000000002
573,8,29,37,55,30,66.68
589,13,24,37,62,29,66.72
596,8,26,34,59,21,68.92
597,38,82,120,186,79,199.39999999999998
606,11,30,41,73,37,82.28
2000,328,913,1241,1781,721,2587.7200000000003
2005,249,707,956,1445,481,1816.28
2006,299,754,1053,1857,658,2169.2
2010,358,829,1187,1791,697,2066.72
2011,356,750,1106,1806,677,2134.84
2016,316,855,1171,1886,676,2325.36
2019,23,36,59,83,32,73.28
2022,13,35,48,58,22,71.8
2026,293,886,1179,1924,734,2217.08
2027,42,95,137,192,87,212.68
2029,345,828,1173,1807,558,2140.0
2031,270,712,982,1579,622,1920.24
2032,292,691,983,1685,559,2009.92
2036,14,37,51,67,32,67.16
2046,278,729,1007,1547,585,1918.4
2050,312,809,1121,1865,796,2203.32
2056,10,33,43,68,16,81.12
2057,325,783,1108,1948,776,2317.08
2065,290,758,1048,1640,614,2016.72
2066,285,738,1023,1680,625,1937.88
2077,15,27,42,69,30,74.12
2079,8,34,42,59,20,74.04
2081,13,28,41,70,32,71.36
2083,340,799,1139,2038,780,2209.48
2084,327,715,1042,1884,610,2157.04
2085,10,40,50,75,26,79.72
2086,302,819,1121,1848,699,2158.8
2094,27,68,95,130,51,139.8
2097,237,697,934,1546,601,1844.6
2098,9,35,44,67,19,75.68
2099,277,888,1165,1836,585,2227.7599999999998
2104,12,30,42,63,27,67.6
2110,329,831,1160,1951,717,2262.96
2113,6,31,37,70,27,77.16
2115,337,831,1168,1828,718,2126.88
2116,323,745,1068,1713,708,2038.4
2117,328,813,1141,1756,744,2050.96
2121,5,42,47,76,30,80.52
2124,26,89,115,180,73,204.95999999999998
2127,271,848,1119,1839,693,2197.24
2130,375,806,1181,1766,635,2095.76
2132,349,888,1237,1897,582,2243.68
2141,7,27,34,55,23,72.68
2142,309,830,1139,2015,718,2286.84
2144,29,66,95,130,43,150.88
2152,17,27,44,64,27,66.24
2153,17,20,37,63,27,70.12
2154,397,995,1392,2017,838,2374.48
2157,23,68,91,135,49,140.32
2161,10,33,43,60,26,72.2
2163,13,27,40,77,27,81.0
2166,256,803,1059,1890,823,2239.24
2168,280,748,1028,1934,719,2242.52
2169,354,733,1087,1678,769,1964.0
2172,310,789,1099,1871,746,2195.8
2174,279,718,997,1643,671,1958.04
2176,9,37,46,73,19,79.52
2177,15,37,52,71,21,85.52
2181,302,845,1147,1956,741,2413.04
2182,258,728,986,1714,550,1970.3600000000001
2184,312,824,1136,1783,570,2030.04
2189,8,28,36,58,25,73.68
2192,13,30,43,78,25,82.84
2193,343,770,1113,1888,870,2119.52
2196,11,32,43,56,21,73.68
2197,346,794,1140,1803,787,2035.4
2198,328,913,1241,1843,721,2282.16
2199,324,861,1185,1913,690,2220.4
2202,15,20,35,53,18,65.4
2204,25,28,53,80,47,71.04
2205,11,26,37,60,25,67.8
2206,12,37,49,67,33,79.32
2210,309,817,1126,1754,672,2124.8
2213,21,55,76,110,39,138.88
2215,26,61,87,123,53,141.88
2217,318,814,1132,1866,566,2172.2400000000002
2225,11,31,42,60,20,81.52
2226,284,808,1092,1889,642,2330.84
2227,13,26,39,57,24,71.12
2229,346,825,1171,1884,731,2220.28
2230,304,881,1185,1833,633,2211.96
2232,11,20,31,66,20,69.52
2233,8,33,41,62,13,65.75999999999999
2235,16,22,38,59,19,59.040000000000006
2239,287,738,1025,1772,665,2129.2
2241,290,764,1054,1727,718,2107.0
2244,247,743,990,1702,719,2025.76
2245,10,25,35,67,33,69.64
2247,304,751,1055,1609,591,1998.64
2250,315,752,1067,2075,691,2351.68
2251,16,31,47,70,23,70.6
2253,326,732,1058,1752,604,2073.2
2256,13,24,37,62,25,73.8
2258,24,49,73,106,42,130.24
2261,334,777,1111,1661,562,1927.76
2262,6,41,47,61,33,70.28
2264,13,30,43,66,16,75.24
2267,37,98,135,194,83,234.36
2269,8,28,36,59,31,67.08
2272,353,809,1162,1863,688,2188.16
2275,293,849,1142,1881,790,2260.84
2277,245,707,952,1664,598,2104.92
2287,349,801,1150,1987,743,2316.16
2294,391,902,1293,2170,788,2519.8
2295,17,31,48,68,26,73.76
2296,278,734,1012,1627,481,1973.8
2299,52,135,187,268,104,294.48
2305,429,895,1324,2411,838,2782.92
2306,298,814,1112,1724,693,2085.44
2309,300,779,1079,1833,804,2278.76
2318,39,103,142,198,60,216.72
2320,308,737,1045,1621,680,1931.92
2325,293,799,1092,1762,645,2058.24
2326,40,72,112,159,54,165.84
2327,20,28,48,71,23,79.64
2329,305,816,1121,1899,490,2182.56
2331,10,28,38,61,24,69.24
2335,252,785,1037,1809,736,2182.0
2344,252,752,1004,1817,790,2235.28
2347,25,53,78,119,38,139.24
2348,341,874,1215,2010,784,2367.84
2349,306,772,1078,1762,590,2121.08
2350,266,764,1030,1770,680,2171.76
2351,238,700,938,1605,591,1956.08
2352,255,746,1001,1606,606,1983.64
2353,23,64,87,117,56,131.92000000000002
2358,15,27,42,74,15,70.4
2363,308,702,1010,1702,566,2088.6
2368,292,762,1054,1742,713,2009.24
2370,10,21,31,58,23,69.44
2371,25,62,87,131,43,154.56
2373,12,29,41,75,35,82.92
2377,330,811,1141,1984,689,2469.68
2378,318,839,1157,1973,723,2191.52
2379,258,701,959,1453,561,1890.28
2380,30,79,109,140,57,156.8
2381,11,22,33,58,29,65.24
2382,294,768,1062,1879,781,2181.2400000000002
2383,9,42,51,77,30,84.96
2390,376,932,1308,2135,826,2507.2
2391,34,93,127,214,109,234.07999999999998
2393,379,875,1254,2059,764,2546.96
2397,46,114,160,269,123,289.2
2398,16,36,52,81,30,82.16
2399,14,37,51,77,32,79.08
2400,316,886,1202,1672,520,2055.52
2401,17,24,41,76,35,75.84
2402,20,37,57,69,30,75.76
2404,9,38,47,69,34,73.52
2405,342,853,1195,1929,787,2280.56
2410,13,35,48,77,28,80.6
2413,349,772,1121,1992,658,2254.84
2415,280,734,1014,1563,594,2106.0
2418,10,34,44,67,19,76.96
2424,15,28,43,67,40,73.04
2426,265,741,1006,1668,637,2065.56
2427,370,775,1145,1919,627,2203.64
2428,307,715,1022,1662,699,2181.92
2429,258,750,1008,1758,638,2054.6
2430,258,696,954,1701,821,2035.76
2433,355,793,1148,1816,731,2162.56
2437,301,814,1115,1809,699,2121.36
2439,292,828,1120,1796,749,2112.12
2440,276,791,1067,1829,804,2188.32
2443,376,827,1203,1994,789,2391.2799999999997
2447,368,848,1216,1963,732,2392.04
2448,336,833,1169,1800,739,2202.52
2449,277,801,1078,2014,657,2255.92
2450,323,719,1042,1811,820,2175.12
2453,304,862,1166,1673,565,2105.84
2454,430,794,1224,1964,589,2137.12
2458,315,963,1278,2330,772,2688.64
2459,298,792,1090,1643,600,2045.92
2460,232,809,1041,1840,896,2185.6
2462,18,72,90,126,67,142.39999999999998
2463,317,799,1116,1652,634,1980.8
2464,249,829,1078,1823,657,2158.68
2465,10,35,45,67,29,71.16
2466,371,849,1220,2010,711,2337.96
2473,381,751,1132,1934,810,2199.56
2474,15,23,38,63,24,69.8
2479,17,25,42,77,40,85.88
2483,386,857,1243,2050,757,2393.44
2486,10,33,43,64,30,67.52
2489,19,23,42,69,29,63.8
2491,75,155,230,311,106,360.08
2492,346,870,1216,1953,718,2293.76
2494,11,31,42,45,19,69.2
2496,28,54,82,135,76,140.68
2501,335,883,1218,2108,852,2437.72
2502,336,842,1178,1733,653,2227.68
2504,337,640,977,1563,554,1938.44
2506,243,763,1006,1643,613,2175.44
2507,337,799,1136,1960,706,2200.76
2509,318,758,1076,2225,903,2469.2
2514,308,759,1067,1852,692,2140.12
2515,230,723,953,1497,560,1900.44
2517,16,34,50,72,19,79.72
2518,6,32,38,56,19,74.8
2519,29,64,93,154,66,159.51999999999998
2520,333,869,1202,1884,836,2248.44
2523,352,719,1071,1905,697,2161.72
2524,12,27,39,59,15,75.56
2529,324,723,1047,1854,703,2071.36
2532,15,21,36,73,21,76.8
2534,279,849,1128,1740,743,2206.36
2535,321,773,1094,1869,851,2248.32
2539,287,837,1124,1957,596,2394.6800000000003
2540,255,606,861,1582,523,1895.92
2541,327,826,1153,2097,684,2354.8
2544,25,55,80,132,49,155.52
2545,388,848,1236,2131,816,2488.92
2546,318,829,1147,1868,697,2306.72
2547,298,889,1187,1806,660,2285.0
2550,348,798,1146,1899,645,2181.28
2561,285,740,1025,1689,505,1962.92
2565,341,785,1126,1840,739,2232.6
2567,404,819,1223,2074,705,2291.88
2569,306,849,1155,1816,719,2294.7599999999998
2571,302,810,1112,2184,897,2492.76
2572,326,873,1199,1955,837,2246.04
2579,358,767,1125,1783,638,2221.36
2582,297,773,1070,1611,580,2218.8
2588,23,57,80,135,48,149.04000000000002
2589,24,54,78,112,51,128.0
2590,55,93,148,218,77,238.8
2592,58,143,201,273,117,289.2
2597,295,788,1083,1701,524,2042.32
2598,341,789,1130,1829,699,2075.2
2599,380,865,1245,1950,747,2364.12
2602,15,30,45,76,16,76.12
2603,266,789,1055,1813,566,2044.72
2608,242,760,1002,1826,516,2213.2
2610,23,64,87,115,31,144.8
2612,347,799,1146,1811,659,2255.72
2615,13,38,51,72,27,72.32
2616,21,69,90,105,44,135.48000000000002
2617,353,702,1055,1764,671,2271.8
2619,323,806,1129,1878,766,2124.84
2623,288,811,1099,1991,760,2309.44
2627,316,748,1064,1591,669,2026.4
2628,313,727,1040,1937,676,2281.6800000000003
2630,332,797,1129,1759,682,2094.16
2632,40,113,153,207,85,230.60000000000002
2633,329,850,1179,1912,750,2401.88
2634,308,762,1070,1774,666,2216.88
2635,346,805,1151,1988,795,2262.64
2636,280,902,1182,1841,713,2216.72
2638,337,893,1230,1832,613,2297.48
2639,13,29,42,68,20,74.48
2640,341,770,1111,1885,670,2207.7599999999998
2641,334,788,1122,1977,898,2505.2
2643,328,851,1179,2019,799,2238.48
2648,39,101,140,183,104,216.12
2649,366,830,1196,2146,889,2369.72
2650,9,17,26,55,12,60.28
2652,19,73,92,143,62,159.07999999999998
2653,304,769,1073,1782,662,2207.76
2655,351,785,1136,1741,788,2022.24
2670,364,738,1102,1722,618,2192.4
2672,9,29,38,60,22,61.599999999999994
2674,254,815,1069,1872,684,2167.04
2678,359,816,1175,2037,947,2229.56
2679,42,61,103,143,57,147.32
2681,252,619,871,1438,568,1854.04
2684,53,97,150,218,88,215.64
2689,29,62,91,137,49,139.76
2691,21,53,74,132,72,140.68
2692,270,831,1101,1919,756,2345.7200000000003
2693,15,26,41,67,32,69.24
2697,12,37,49,71,29,72.84
2703,15,63,78,119,47,152.4
2710,240,891,1131,1920,636,2335.52
2711,337,781,1118,1842,739,2068.52
2716,15,37,52,74,33,82.6
2717,320,880,1200,1960,885,2217.0
2719,26,56,82,125,60,134.76
2724,278,698,976,1602,589,1924.84
2728,21,54,75,119,37,134.68
2729,301,842,1143,1907,788,2239.72
2730,25,60,85,120,52,140.56
2737,293,719,1012,1820,738,2223.24
2739,246,714,960,1598,553,1923.68
2747,200,685,885,1665,767,2097.56
2749,14,31,45,65,26,65.72
2750,369,843,1212,2149,743,2491.44
2751,298,819,1117,1992,761,2269.64
2752,340,897,1237,2150,786,2511.64
2753,12,29,41,57,17,73.32
2754,320,787,1107,1964,703,2292.72
2755,368,861,1229,1839,660,2231.36
2758,34,66,100,143,52,149.84
2771,355,783,1138,1600,545,1925.2
2776,17,23,40,75,35,72.52
2803,416,816,1232,2121,712,2327.2000000000003
2804,13,28,41,71,19,72.28
2810,8,36,44,71,27,82.52
2812,11,35,46,60,23,74.8
2822,14,31,45,82,44,80.64
2825,8,30,38,60,17,71.12
2826,12,41,53,66,35,74.92
2828,20,37,57,74,26,75.64
2834,18,41,59,77,20,80.48
2837,23,52,75,118,43,146.04000000000002
2849,18,34,52,68,24,74.44
2850,11,47,58,76,28,78.28
2855,11,20,31,68,28,75.16
2856,332,842,1174,1974,655,2341.16
2860,17,20,37,67,24,66.04
2861,16,31,47,70,24,68.84
2865,6,36,42,58,37,72.04
2866,19,38,57,69,28,76.56
2870,278,822,1100,1856,744,2305.12
2871,15,27,42,62,29,65.4
2877,10,17,27,59,18,73.64
2879,11,24,35,64,25,77.04
2880,8,27,35,54,25,75.68
2885,288,795,1083,1712,696,1958.32
2886,8,28,36,54,13,69.44
2892,8,39,47,65,26,80.96
2900,232,829,1061,1661,673,1992.6000000000001
2902,19,30,49,78,43,78.48
2903,47,73,120,151,50,155.51999999999998
2904,9,24,33,58,13,75.24
2908,331,823,1154,1833,749,2212.92
2913,17,29,46,61,37,69.52
2916,313,821,1134,1836,657,2169.36
2917,10,26,36,65,16,73.92
2920,22,27,49,74,18,64.56
2930,12,43,55,69,20,92.03999999999999
2931,16,39,55,72,22,70.84
2934,210,637,847,1306,541,1736.8
2937,97,146,243,357,136,370.32
2944,12,29,41,60,18,70.0
2945,15,37,52,75,17,83.44
2975,6,32,38,57,35,69.72
2980,17,40,57,74,24,82.92
2985,15,21,36,69,30,71.12
3077,42,93,135,197,90,226.64
3078,16,33,49,69,21,72.6
3079,11,34,45,68,19,77.36
3080,13,30,43,70,24,67.72
3082,12,30,42,55,18,71.0
3083,34,64,98,158,68,163.07999999999998
3084,315,712,1027,1930,722,2204.76
3085,13,31,44,65,30,63.400000000000006
3096,17,73,90,129,52,143.72
3097,32,67,99,146,36,151.76
3101,330,842,1172,1932,740,2274.4
3103,20,41,61,80,40,79.8
3107,26,73,99,127,47,146.6
3111,17,29,46,76,24,75.04
3117,273,560,833,1257,487,1345.64
3120,58,148,206,347,130,413.67999999999995
3121,19,27,46,75,20,69.4
3122,13,37,50,65,28,68.4
3134,101,198,299,473,139,490.04
3136,25,53,78,120,62,145.04
3141,63,121,184,272,130,287.08
3142,12,48,60,62,29,79.84
3149,8,30,38,70,32,72.64
3152,13,37,50,71,26,88.96000000000001
3153,8,32,40,64,33,69.6
3155,10,34,44,65,32,79.44
3158,27,61,88,124,36,148.8
3163,9,28,37,60,21,67.04
3166,37,40,77,95,21,79.24
3167,12,34,46,64,33,67.84
3168,13,32,45,70,27,70.48
3169,30,81,111,153,63,170.68
3174,26,64,90,123,54,136.04
3179,13,30,43,68,27,67.84
3185,7,30,37,52,20,64.72
3188,9,20,29,46,24,69.75999999999999
3189,5,24,29,56,12,66.84
3192,13,27,40,66,27,69.28
3216,18,40,58,73,24,76.72
3229,20,30,50,74,36,67.04
3238,43,59,102,155,79,147.84
3242,20,52,72,122,37,131.08
3243,54,134,188,281,73,319.52
3245,18,22,40,66,27,68.12
3246,179,403,582,730,307,826.84
3249,29,93,122,178,76,215.4
3250,10,39,49,69,19,76.8
5308,7,35,42,60,31,78.12
5901,10,31,41,67,30,73.96
6304,16,33,49,70,44,66.28
6319,11,41,52,81,32,85.84
7933,10,33,43,70,36,78.84
66786,9,42,51,63,17,81.24
94822,9,34,43,57,29,71.68
103563,17,29,46,74,37,74.92
107554,14,34,48,64,18,73.12
107730,14,36,50,65,33,74.68
108806,41,109,150,198,65,223.35999999999999
108807,27,70,97,120,32,140.76
108817,14,27,41,62,20,79.92
108842,4,28,32,61,25,75.8
108860,16,38,54,75,42,65.32
108942,19,22,41,71,23,71.88
109597,17,32,49,60,29,72.16
109636,33,57,90,136,62,142.72000000000003
109661,25,43,68,83,39,84.0
109670,56,86,142,198,84,207.64
109684,11,39,50,64,27,74.84
109700,25,74,99,141,70,140.68
110031,8,36,44,71,26,77.6
110450,7,34,41,68,28,77.04
111162,17,39,56,71,38,83.44
111166,42,103,145,214,97,223.44
111170,21,39,60,75,19,82.76
111172,14,26,40,60,20,70.68
111176,8,29,37,62,21,72.16
111226,11,37,48,61,29,70.32
111254,21,55,76,126,41,148.2
111910,29,65,94,135,38,160.4
111913,13,35,48,70,20,79.24
111921,15,31,46,67,23,78.64
111926,68,189,257,398,164,433.76
111942,11,33,44,68,16,80.36
111951,39,108,147,225,96,241.88
111982,14,25,39,77,37,75.96
112358,345,807,1152,1884,785,2196.84
112679,57,157,214,305,153,316.52
112694,10,34,44,63,12,83.64
112706,11,41,52,75,29,76.16
121894,19,67,86,148,85,152.56
122634,12,23,35,68,30,80.64
123306,20,73,93,117,42,143.92000000000002
123312,9,30,39,66,28,76.56
123313,49,120,169,240,118,242.0
123391,13,38,51,76,31,74.96
123410,15,38,53,68,26,72.12
124721,14,31,45,61,26,75.24
124809,13,41,54,69,33,77.56
124846,27,36,63,83,32,75.28
124942,23,74,97,135,52,153.6
124946,9,28,37,57,21,78.68
124947,43,105,148,202,91,201.76
124950,13,36,49,84,22,104.03999999999999
124966,10,27,37,76,32,78.28
125330,16,27,43,74,26,71.6
